rank,abbrv,country,eci_value,delta,year
1,JPN,Japan,3.047747,0,1995
2,DEU,Germany,2.642743,0,1995
3,CHE,Switzerland,2.476652,0,1995
4,SWE,Sweden,2.366172,0,1995
5,FIN,Finland,2.291272,1,1995
6,AUT,Austria,2.264544,-1,1995
7,GBR,United Kingdom,2.0587310000000003,1,1995
8,USA,United States,2.043731,-1,1995
9,FRA,France,1.9474759999999998,1,1995
10,ITA,Italy,1.7658470000000002,-1,1995
11,DNK,Denmark,1.694541,0,1995
12,BEL,Belgium,1.687528,0,1995
13,SVN,Slovenia,1.5526790000000001,3,1995
14,CZE,Czech Republic,1.51799,0,1995
15,NLD,Netherlands,1.511496,0,1995
16,IRL,Ireland,1.433147,-3,1995
17,SVK,Slovak Republic,1.390772,2,1995
18,ESP,Spain,1.375265,0,1995
19,ISR,Israel,1.172755,-2,1995
20,KOR,"Korea, Rep.",1.1074979999999999,2,1995
21,CAN,Canada,1.032478,0,1995
22,HUN,Hungary,1.014407,1,1995
23,SGP,Singapore,0.9826710999999999,1,1995
24,NOR,Norway,0.9467030000000001,1,1995
25,GEO,Georgia,0.8832476,16,1995
26,POL,Poland,0.7896504,2,1995
27,HRV,Croatia,0.7796430999999999,0,1995
28,MEX,Mexico,0.7743258000000001,-8,1995
29,BRA,Brazil,0.6023665,3,1995
30,BLR,Belarus,0.5746401999999999,1,1995
31,ROU,Romania,0.5685559,-1,1995
32,EST,Estonia,0.5450025,8,1995
33,KAZ,Kazakhstan,0.4991834,24,1995
34,RUS,Russia,0.4464518,15,1995
35,HKG,Hong Kong,0.44239399999999995,-6,1995
36,BGR,Bulgaria,0.4330389,-2,1995
37,LTU,Lithuania,0.42290959999999994,-1,1995
38,MDA,Moldova,0.39005159999999994,7,1995
39,LVA,Latvia,0.3774555,-1,1995
40,BIH,Bosnia and Herzegovina,0.3713878,-14,1995
41,MKD,Macedonia,0.3354072,2,1995
42,SAU,Saudi Arabia,0.3157492,-3,1995
43,NZL,New Zealand,0.3115699,-8,1995
44,PRT,Portugal,0.305558,-7,1995
45,UKR,Ukraine,0.2392882,-1,1995
46,URY,Uruguay,0.23419339999999997,-13,1995
47,MYS,Malaysia,0.2233346,0,1995
48,ZAF,South Africa,0.1966558,0,1995
49,JOR,Jordan,0.1957918,-7,1995
50,CHN,China,0.1568342,0,1995
51,AZE,Azerbaijan,0.0956625,22,1995
52,THA,Thailand,0.0913172,2,1995
53,LBN,Lebanon,0.0719143,-1,1995
54,AUS,Australia,0.0544398,1,1995
55,PAN,Panama,0.045984199999999996,-2,1995
56,GRC,Greece,0.0331175,5,1995
57,ARG,Argentina,0.0253435,3,1995
58,VEN,Venezuela,-0.026195299999999998,9,1995
59,TUR,Turkey,-0.031148900000000004,-3,1995
60,TTO,Trinidad and Tobago,-0.06738330000000001,-9,1995
61,IND,India,-0.1423479,-3,1995
62,KWT,Kuwait,-0.21502849999999998,-3,1995
63,SEN,Senegal,-0.216516,9,1995
64,OMN,Oman,-0.2406271,-18,1995
65,ZWE,Zimbabwe,-0.2500426,10,1995
66,ARE,United Arab Emirates,-0.2874357,12,1995
67,SLV,El Salvador,-0.2984695,-5,1995
68,COL,Colombia,-0.3017199,-5,1995
69,CHL,Chile,-0.32599079999999997,-3,1995
70,GTM,Guatemala,-0.33554570000000006,-5,1995
71,CRI,Costa Rica,-0.3895675,0,1995
72,PHL,Philippines,-0.40471009999999996,-3,1995
73,TUN,Tunisia,-0.41180379999999994,-9,1995
74,KEN,Kenya,-0.4488803,-6,1995
75,CUB,Cuba,-0.4664474,16,1995
76,MOZ,Mozambique,-0.48946649999999997,0,1995
77,JAM,Jamaica,-0.5185853,9,1995
78,EGY,Egypt,-0.5439626000000001,-8,1995
79,PER,Peru,-0.5515198,4,1995
80,UZB,Uzbekistan,-0.5535849,14,1995
81,QAT,Qatar,-0.5649026999999999,-7,1995
82,IDN,Indonesia,-0.5687973000000001,0,1995
83,LBY,Libya,-0.5694055,4,1995
84,DOM,Dominican Republic,-0.5950901999999999,-7,1995
85,ALB,Albania,-0.6533005999999999,-6,1995
86,BOL,Bolivia,-0.6770934000000001,3,1995
87,ZMB,Zambia,-0.6774498999999999,11,1995
88,DZA,Algeria,-0.6921501,-3,1995
89,PRY,Paraguay,-0.7018018,1,1995
90,NIC,Nicaragua,-0.7093415,-9,1995
91,MUS,Mauritius,-0.7135767,-11,1995
92,MAR,Morocco,-0.784031,-8,1995
93,MNG,Mongolia,-0.8130304,2,1995
94,SYR,Syrian Arab Republic,-0.8932235000000001,-1,1995
95,SDN,Sudan,-0.9365312,2,1995
96,TKM,Turkmenistan,-0.938738,9,1995
97,HND,Honduras,-0.9545155999999999,-5,1995
98,LKA,Sri Lanka,-0.9626589,-10,1995
99,IRN,Iran,-0.9825421999999999,3,1995
100,CIV,Cote d'Ivoire,-0.9952209999999999,17,1995
101,PAK,Pakistan,-1.026046,-5,1995
102,BGD,Bangladesh,-1.03619,-3,1995
103,CMR,Cameroon,-1.056814,15,1995
104,YEM,Yemen,-1.165308,11,1995
105,MWI,Malawi,-1.196117,-5,1995
106,MDG,Madagascar,-1.206129,-2,1995
107,VNM,Viet Nam,-1.221835,1,1995
108,COG,Congo,-1.237645,1,1995
109,TZA,Tanzania,-1.237832,2,1995
110,MRT,Mauritania,-1.243825,2,1995
111,GIN,Guinea,-1.290625,5,1995
112,KHM,Cambodia,-1.314303,-2,1995
113,LAO,Lao PDR,-1.3601219999999998,-10,1995
114,UGA,Uganda,-1.360227,-1,1995
115,ECU,Ecuador,-1.404251,-9,1995
116,GHA,Ghana,-1.432246,3,1995
117,ETH,Ethiopia,-1.5287030000000001,-16,1995
118,GAB,Gabon,-1.5842129999999999,-11,1995
119,AGO,Angola,-2.073029,-5,1995
120,NGA,Nigeria,-2.1245380000000003,1,1995
121,PNG,Papua New Guinea,-2.347904,-1,1995
1,JPN,Japan,3.015311,0,1996
2,DEU,Germany,2.638067,0,1996
3,CHE,Switzerland,2.5931439999999997,0,1996
4,SWE,Sweden,2.453036,0,1996
5,FIN,Finland,2.2471259999999997,0,1996
6,AUT,Austria,2.236917,0,1996
7,GBR,United Kingdom,2.1420209999999997,0,1996
8,USA,United States,2.115031,0,1996
9,ITA,Italy,1.8316009999999998,1,1996
10,FRA,France,1.754795,-1,1996
11,IRL,Ireland,1.646671,5,1996
12,BEL,Belgium,1.6456279999999999,0,1996
13,DNK,Denmark,1.620522,-2,1996
14,CZE,Czech Republic,1.5429469999999998,0,1996
15,SVN,Slovenia,1.475027,-2,1996
16,NLD,Netherlands,1.386,-1,1996
17,ESP,Spain,1.366274,1,1996
18,ISR,Israel,1.3550959999999999,1,1996
19,SVK,Slovak Republic,1.324359,-2,1996
20,KOR,"Korea, Rep.",1.2675809999999998,0,1996
21,SGP,Singapore,1.128838,2,1996
22,CAN,Canada,1.0788790000000001,-1,1996
23,HUN,Hungary,1.0165389999999999,-1,1996
24,UKR,Ukraine,0.9564961,21,1996
25,MEX,Mexico,0.9428300999999999,3,1996
26,NOR,Norway,0.9117448,-2,1996
27,POL,Poland,0.8920302999999999,-1,1996
28,HRV,Croatia,0.7416881999999999,-1,1996
29,BLR,Belarus,0.7073078,1,1996
30,BRA,Brazil,0.7031286,-1,1996
31,BGR,Bulgaria,0.6197882,5,1996
32,HKG,Hong Kong,0.5861734000000001,3,1996
33,KAZ,Kazakhstan,0.5834895999999999,0,1996
34,ROU,Romania,0.5797533,-3,1996
35,BIH,Bosnia and Herzegovina,0.5790482,5,1996
36,EST,Estonia,0.5247813,-4,1996
37,RUS,Russia,0.5092651,-3,1996
38,PRT,Portugal,0.5040015999999999,6,1996
39,MYS,Malaysia,0.46968909999999997,8,1996
40,NZL,New Zealand,0.41726179999999996,3,1996
41,GEO,Georgia,0.3548595,-16,1996
42,AZE,Azerbaijan,0.3546769,9,1996
43,CHN,China,0.3522906,7,1996
44,LVA,Latvia,0.31686329999999996,-5,1996
45,LTU,Lithuania,0.296548,-8,1996
46,ZAF,South Africa,0.2132163,2,1996
47,GRC,Greece,0.209206,9,1996
48,MDA,Moldova,0.1821245,-10,1996
49,THA,Thailand,0.1788491,3,1996
50,MKD,Macedonia,0.1566818,-9,1996
51,URY,Uruguay,0.1383916,-5,1996
52,LBN,Lebanon,0.10733019999999999,1,1996
53,JOR,Jordan,0.0818227,-4,1996
54,CHL,Chile,0.0347574,15,1996
55,SAU,Saudi Arabia,0.0257832,-13,1996
56,AUS,Australia,0.0046343,-2,1996
57,TUR,Turkey,-0.0016579000000000001,2,1996
58,IND,India,-0.0052119,3,1996
59,PAN,Panama,-0.0075087,-4,1996
60,OMN,Oman,-0.0552047,4,1996
61,ARG,Argentina,-0.09916119999999999,-4,1996
62,PHL,Philippines,-0.1241272,10,1996
63,TTO,Trinidad and Tobago,-0.1811803,-3,1996
64,VEN,Venezuela,-0.2347159,-6,1996
65,CRI,Costa Rica,-0.24687089999999998,6,1996
66,COL,Colombia,-0.2538965,2,1996
67,UZB,Uzbekistan,-0.3339006,13,1996
68,KWT,Kuwait,-0.3430008,-6,1996
69,MOZ,Mozambique,-0.3546033,7,1996
70,IDN,Indonesia,-0.37579959999999996,12,1996
71,MNG,Mongolia,-0.3785875,22,1996
72,TUN,Tunisia,-0.3931972,1,1996
73,ZWE,Zimbabwe,-0.39487259999999996,-8,1996
74,GTM,Guatemala,-0.42409979999999997,-4,1996
75,SLV,El Salvador,-0.43133940000000004,-8,1996
76,ALB,Albania,-0.4367374,9,1996
77,DOM,Dominican Republic,-0.4597733,7,1996
78,ARE,United Arab Emirates,-0.514075,-12,1996
79,PER,Peru,-0.5176629,0,1996
80,JAM,Jamaica,-0.5595663000000001,-3,1996
81,ZMB,Zambia,-0.5833486999999999,6,1996
82,DZA,Algeria,-0.629608,6,1996
83,EGY,Egypt,-0.6426468000000001,-5,1996
84,HND,Honduras,-0.6741897,13,1996
85,LAO,Lao PDR,-0.7328347,28,1996
86,MAR,Morocco,-0.7339427,6,1996
87,KEN,Kenya,-0.7420864,-13,1996
88,SEN,Senegal,-0.7533337,-25,1996
89,CUB,Cuba,-0.787133,-14,1996
90,NIC,Nicaragua,-0.7891444999999999,0,1996
91,MUS,Mauritius,-0.7981149000000001,0,1996
92,MRT,Mauritania,-0.8320978000000001,18,1996
93,BOL,Bolivia,-0.8471313,-7,1996
94,LBY,Libya,-0.8652129000000001,-11,1996
95,QAT,Qatar,-0.8961216999999999,-14,1996
96,PRY,Paraguay,-0.9162868000000001,-7,1996
97,IRN,Iran,-0.9667404,2,1996
98,VNM,Viet Nam,-0.9756309000000001,9,1996
99,PAK,Pakistan,-0.9859652,2,1996
100,LKA,Sri Lanka,-0.9887212,-2,1996
101,BGD,Bangladesh,-1.015863,1,1996
102,TKM,Turkmenistan,-1.024375,-6,1996
103,SYR,Syrian Arab Republic,-1.028594,-9,1996
104,GIN,Guinea,-1.061808,7,1996
105,CMR,Cameroon,-1.1022399999999999,-2,1996
106,CIV,Cote d'Ivoire,-1.185937,-6,1996
107,KHM,Cambodia,-1.194377,5,1996
108,COG,Congo,-1.199247,0,1996
109,GHA,Ghana,-1.241649,7,1996
110,MWI,Malawi,-1.269915,-5,1996
111,UGA,Uganda,-1.28768,3,1996
112,ETH,Ethiopia,-1.290142,5,1996
113,MDG,Madagascar,-1.31321,-7,1996
114,ECU,Ecuador,-1.3139049999999999,1,1996
115,SDN,Sudan,-1.3257729999999999,-20,1996
116,YEM,Yemen,-1.400472,-12,1996
117,TZA,Tanzania,-1.561777,-8,1996
118,GAB,Gabon,-1.6249120000000001,0,1996
119,NGA,Nigeria,-1.9413770000000001,1,1996
120,PNG,Papua New Guinea,-2.141833,1,1996
121,AGO,Angola,-2.41269,-2,1996
1,JPN,Japan,2.821828,0,1997
2,DEU,Germany,2.476639,0,1997
3,CHE,Switzerland,2.416327,0,1997
4,SWE,Sweden,2.211545,0,1997
5,USA,United States,2.105584,3,1997
6,FIN,Finland,2.0645860000000003,-1,1997
7,AUT,Austria,2.0365740000000003,-1,1997
8,GBR,United Kingdom,1.991756,-1,1997
9,ITA,Italy,1.704491,0,1997
10,FRA,France,1.691963,0,1997
11,DNK,Denmark,1.650996,2,1997
12,CZE,Czech Republic,1.572791,2,1997
13,BEL,Belgium,1.568182,-1,1997
14,SVN,Slovenia,1.493026,1,1997
15,IRL,Ireland,1.468544,-4,1997
16,ISR,Israel,1.407342,2,1997
17,NLD,Netherlands,1.341807,-1,1997
18,SVK,Slovak Republic,1.2767620000000002,1,1997
19,ESP,Spain,1.216145,-2,1997
20,KOR,"Korea, Rep.",1.176623,0,1997
21,SGP,Singapore,1.036453,0,1997
22,CAN,Canada,0.9514412,0,1997
23,HUN,Hungary,0.9364469999999999,0,1997
24,POL,Poland,0.8941155999999999,3,1997
25,MEX,Mexico,0.8577171999999998,0,1997
26,NOR,Norway,0.8171162,0,1997
27,UKR,Ukraine,0.7470393,-3,1997
28,BRA,Brazil,0.7293987,2,1997
29,ROU,Romania,0.7229996999999999,5,1997
30,BLR,Belarus,0.6871031999999999,-1,1997
31,HRV,Croatia,0.6198965,-3,1997
32,BGR,Bulgaria,0.5719098000000001,-1,1997
33,RUS,Russia,0.5052114999999999,4,1997
34,EST,Estonia,0.4618339,2,1997
35,GEO,Georgia,0.43824480000000005,6,1997
36,AZE,Azerbaijan,0.43374090000000004,6,1997
37,PRT,Portugal,0.4277875,1,1997
38,LVA,Latvia,0.39896570000000003,6,1997
39,LTU,Lithuania,0.39560359999999994,6,1997
40,BIH,Bosnia and Herzegovina,0.3922055,-5,1997
41,HKG,Hong Kong,0.38076109999999996,-9,1997
42,MYS,Malaysia,0.35419320000000004,-3,1997
43,NZL,New Zealand,0.3531043,-3,1997
44,JOR,Jordan,0.2927647,9,1997
45,LBN,Lebanon,0.2711553,7,1997
46,CHN,China,0.2702375,-3,1997
47,MDA,Moldova,0.2247065,1,1997
48,KAZ,Kazakhstan,0.1961037,-15,1997
49,MKD,Macedonia,0.19418570000000002,1,1997
50,GRC,Greece,0.1886245,-3,1997
51,IND,India,0.1412611,7,1997
52,THA,Thailand,0.125046,-3,1997
53,TUR,Turkey,0.1209528,4,1997
54,ZAF,South Africa,0.1204884,-8,1997
55,PAN,Panama,0.0453385,4,1997
56,URY,Uruguay,0.014830100000000002,-5,1997
57,TTO,Trinidad and Tobago,-0.014524200000000001,6,1997
58,ARG,Argentina,-0.028031900000000002,3,1997
59,OMN,Oman,-0.0482279,1,1997
60,COL,Colombia,-0.08795019999999999,6,1997
61,TUN,Tunisia,-0.15098720000000002,11,1997
62,CHL,Chile,-0.16923010000000002,-8,1997
63,AUS,Australia,-0.16980689999999998,-7,1997
64,SLV,El Salvador,-0.17842449999999999,11,1997
65,CRI,Costa Rica,-0.23054850000000002,0,1997
66,PHL,Philippines,-0.2445837,-4,1997
67,VEN,Venezuela,-0.2932035,-3,1997
68,UZB,Uzbekistan,-0.3194315,-1,1997
69,IDN,Indonesia,-0.323956,1,1997
70,KWT,Kuwait,-0.3464587,-2,1997
71,ZWE,Zimbabwe,-0.41141120000000003,2,1997
72,MOZ,Mozambique,-0.41367890000000007,-3,1997
73,SAU,Saudi Arabia,-0.42697559999999996,-18,1997
74,GTM,Guatemala,-0.44042079999999995,0,1997
75,ALB,Albania,-0.4612608,1,1997
76,EGY,Egypt,-0.49432020000000004,7,1997
77,MUS,Mauritius,-0.5138918,14,1997
78,LBY,Libya,-0.5189043999999999,16,1997
79,ARE,United Arab Emirates,-0.5271288000000001,-1,1997
80,KEN,Kenya,-0.5659518,7,1997
81,MNG,Mongolia,-0.6289915,-10,1997
82,DOM,Dominican Republic,-0.6591172,-5,1997
83,SEN,Senegal,-0.6818414,5,1997
84,PER,Peru,-0.6939396,-5,1997
85,MAR,Morocco,-0.7121999,1,1997
86,JAM,Jamaica,-0.7375371999999999,-6,1997
87,IRN,Iran,-0.7409278,10,1997
88,PRY,Paraguay,-0.7856725,8,1997
89,NIC,Nicaragua,-0.7881732,1,1997
90,TKM,Turkmenistan,-0.7964935000000001,12,1997
91,LKA,Sri Lanka,-0.7980533000000001,9,1997
92,CIV,Cote d'Ivoire,-0.7992719,14,1997
93,HND,Honduras,-0.8498794,-9,1997
94,VNM,Viet Nam,-0.8659140999999999,4,1997
95,CUB,Cuba,-0.8688244,-6,1997
96,DZA,Algeria,-0.8688790999999999,-14,1997
97,BGD,Bangladesh,-0.8818323,4,1997
98,SYR,Syrian Arab Republic,-0.9281403,5,1997
99,PAK,Pakistan,-0.9400091,0,1997
100,LAO,Lao PDR,-0.9952875,-15,1997
101,CMR,Cameroon,-1.0120799999999999,4,1997
102,BOL,Bolivia,-1.024701,-9,1997
103,ZMB,Zambia,-1.043164,-22,1997
104,QAT,Qatar,-1.090675,-9,1997
105,SDN,Sudan,-1.139897,10,1997
106,UGA,Uganda,-1.172423,5,1997
107,ECU,Ecuador,-1.212788,7,1997
108,GHA,Ghana,-1.227062,1,1997
109,MWI,Malawi,-1.264042,1,1997
110,MDG,Madagascar,-1.2700049999999998,3,1997
111,GAB,Gabon,-1.272628,7,1997
112,YEM,Yemen,-1.3087,4,1997
113,ETH,Ethiopia,-1.382183,-1,1997
114,TZA,Tanzania,-1.383,3,1997
115,KHM,Cambodia,-1.387283,-8,1997
116,COG,Congo,-1.38729,-8,1997
117,GIN,Guinea,-1.448397,-13,1997
118,AGO,Angola,-1.551415,3,1997
119,MRT,Mauritania,-1.727114,-27,1997
120,NGA,Nigeria,-1.9688279999999998,-1,1997
121,PNG,Papua New Guinea,-2.1351009999999997,-1,1997
1,JPN,Japan,2.877704,0,1998
2,DEU,Germany,2.5941549999999998,0,1998
3,CHE,Switzerland,2.458078,0,1998
4,SWE,Sweden,2.225648,0,1998
5,GBR,United Kingdom,2.157881,3,1998
6,FIN,Finland,2.1221330000000003,0,1998
7,AUT,Austria,2.019807,0,1998
8,USA,United States,2.019488,-3,1998
9,IRL,Ireland,1.769909,6,1998
10,FRA,France,1.751689,0,1998
11,DNK,Denmark,1.706075,0,1998
12,ITA,Italy,1.6827860000000001,-3,1998
13,BEL,Belgium,1.654945,0,1998
14,CZE,Czech Republic,1.593021,-2,1998
15,SVN,Slovenia,1.455446,-1,1998
16,NLD,Netherlands,1.407397,1,1998
17,SVK,Slovak Republic,1.362832,1,1998
18,ISR,Israel,1.186092,-2,1998
19,SGP,Singapore,1.175402,2,1998
20,ESP,Spain,1.136358,-1,1998
21,BLR,Belarus,1.1076469999999998,9,1998
22,KOR,"Korea, Rep.",1.083125,-2,1998
23,CAN,Canada,0.9694384,-1,1998
24,POL,Poland,0.9396827,0,1998
25,HUN,Hungary,0.8787588,-2,1998
26,NOR,Norway,0.8283758,0,1998
27,MEX,Mexico,0.7698906999999999,-2,1998
28,UKR,Ukraine,0.7361800999999999,-1,1998
29,RUS,Russia,0.6949776999999999,4,1998
30,HRV,Croatia,0.6533028000000001,1,1998
31,BRA,Brazil,0.6012203,-3,1998
32,BGR,Bulgaria,0.5895630999999999,0,1998
33,ROU,Romania,0.5681569000000001,-4,1998
34,EST,Estonia,0.5410941999999999,0,1998
35,BIH,Bosnia and Herzegovina,0.4864889,5,1998
36,GEO,Georgia,0.45598479999999997,-1,1998
37,MYS,Malaysia,0.4398022,5,1998
38,PRT,Portugal,0.4100960999999999,-1,1998
39,AZE,Azerbaijan,0.4040257,-3,1998
40,NZL,New Zealand,0.3445739,3,1998
41,HKG,Hong Kong,0.3327555,0,1998
42,LTU,Lithuania,0.29690659999999996,-3,1998
43,LVA,Latvia,0.2679552,-5,1998
44,CHN,China,0.2677236,2,1998
45,ZAF,South Africa,0.25691210000000003,9,1998
46,SAU,Saudi Arabia,0.25471679999999997,27,1998
47,TTO,Trinidad and Tobago,0.2094768,10,1998
48,LBN,Lebanon,0.199449,-3,1998
49,IND,India,0.152543,2,1998
50,THA,Thailand,0.1411437,2,1998
51,GRC,Greece,0.1213374,-1,1998
52,URY,Uruguay,0.11267449999999998,4,1998
53,VEN,Venezuela,0.05546860000000001,14,1998
54,JOR,Jordan,0.046474,-10,1998
55,ARG,Argentina,0.043313,3,1998
56,PAN,Panama,0.0357173,-1,1998
57,KAZ,Kazakhstan,0.0301692,-9,1998
58,COL,Colombia,0.0201092,2,1998
59,TUR,Turkey,0.0090274,-6,1998
60,AUS,Australia,-0.0073821,3,1998
61,KWT,Kuwait,-0.0636868,9,1998
62,MKD,Macedonia,-0.06697639999999999,-13,1998
63,MDA,Moldova,-0.08036180000000001,-16,1998
64,CHL,Chile,-0.1356437,-2,1998
65,OMN,Oman,-0.1576361,-6,1998
66,SLV,El Salvador,-0.1589195,-2,1998
67,TUN,Tunisia,-0.25748160000000003,-6,1998
68,IDN,Indonesia,-0.2955334,1,1998
69,ARE,United Arab Emirates,-0.3395169,10,1998
70,CRI,Costa Rica,-0.3541395,-5,1998
71,SEN,Senegal,-0.3868095,12,1998
72,GTM,Guatemala,-0.4054894,2,1998
73,ALB,Albania,-0.4408843,2,1998
74,EGY,Egypt,-0.4467807,2,1998
75,UZB,Uzbekistan,-0.45324899999999996,-7,1998
76,PHL,Philippines,-0.4688958,-10,1998
77,PER,Peru,-0.4714531,7,1998
78,MUS,Mauritius,-0.5087888,-1,1998
79,KEN,Kenya,-0.5089766,1,1998
80,PRY,Paraguay,-0.5210024999999999,8,1998
81,ZMB,Zambia,-0.5400397,22,1998
82,LBY,Libya,-0.5808960999999999,-4,1998
83,QAT,Qatar,-0.5829295999999999,21,1998
84,CUB,Cuba,-0.6351928000000001,11,1998
85,BOL,Bolivia,-0.6528433000000001,17,1998
86,TKM,Turkmenistan,-0.6540348000000001,4,1998
87,ZWE,Zimbabwe,-0.6555825,-16,1998
88,MOZ,Mozambique,-0.6650010000000001,-16,1998
89,IRN,Iran,-0.6679341999999999,-2,1998
90,LKA,Sri Lanka,-0.7282021,1,1998
91,JAM,Jamaica,-0.7344324000000001,-5,1998
92,YEM,Yemen,-0.7807116,20,1998
93,MAR,Morocco,-0.7936529999999999,-8,1998
94,MNG,Mongolia,-0.7940013000000001,-13,1998
95,HND,Honduras,-0.8027303000000001,-2,1998
96,DOM,Dominican Republic,-0.8087293000000001,-14,1998
97,NIC,Nicaragua,-0.8661054,-8,1998
98,CIV,Cote d'Ivoire,-0.8909620999999999,-6,1998
99,DZA,Algeria,-0.9339207,-3,1998
100,BGD,Bangladesh,-0.9652574,-3,1998
101,ECU,Ecuador,-0.9693913000000001,6,1998
102,VNM,Viet Nam,-0.9898700999999999,-8,1998
103,LAO,Lao PDR,-0.9915093,-3,1998
104,SDN,Sudan,-1.0175049999999999,1,1998
105,GAB,Gabon,-1.052542,6,1998
106,PAK,Pakistan,-1.056843,-7,1998
107,UGA,Uganda,-1.065814,-1,1998
108,SYR,Syrian Arab Republic,-1.1313229999999999,-10,1998
109,GHA,Ghana,-1.147777,-1,1998
110,TZA,Tanzania,-1.203257,4,1998
111,MDG,Madagascar,-1.260723,-1,1998
112,ETH,Ethiopia,-1.331284,1,1998
113,MRT,Mauritania,-1.364403,6,1998
114,MWI,Malawi,-1.400008,-5,1998
115,COG,Congo,-1.408966,1,1998
116,KHM,Cambodia,-1.573888,-1,1998
117,AGO,Angola,-1.610638,1,1998
118,NGA,Nigeria,-1.7279959999999999,2,1998
119,GIN,Guinea,-1.732921,-2,1998
120,PNG,Papua New Guinea,-1.830968,1,1998
121,CMR,Cameroon,-1.8359729999999999,-20,1998
1,JPN,Japan,2.851043,0,1999
2,DEU,Germany,2.5390349999999997,0,1999
3,CHE,Switzerland,2.438768,0,1999
4,SWE,Sweden,2.268135,0,1999
5,FIN,Finland,2.130916,1,1999
6,GBR,United Kingdom,2.09583,-1,1999
7,USA,United States,2.0943810000000003,1,1999
8,AUT,Austria,1.957041,-1,1999
9,IRL,Ireland,1.7585110000000002,0,1999
10,DNK,Denmark,1.7342389999999999,1,1999
11,ITA,Italy,1.7222549999999999,1,1999
12,FRA,France,1.695684,-2,1999
13,CZE,Czech Republic,1.6415080000000002,1,1999
14,BEL,Belgium,1.620572,-1,1999
15,SVN,Slovenia,1.478512,0,1999
16,SGP,Singapore,1.400698,3,1999
17,ISR,Israel,1.386239,1,1999
18,SVK,Slovak Republic,1.3312709999999999,-1,1999
19,NLD,Netherlands,1.322898,-3,1999
20,ESP,Spain,1.24189,0,1999
21,KOR,"Korea, Rep.",1.173342,1,1999
22,MEX,Mexico,1.0258180000000001,5,1999
23,CAN,Canada,0.9186612,0,1999
24,HUN,Hungary,0.8524629000000001,1,1999
25,POL,Poland,0.8217302,-1,1999
26,NOR,Norway,0.8004864,0,1999
27,BLR,Belarus,0.7858682,-6,1999
28,HRV,Croatia,0.7287664,2,1999
29,MYS,Malaysia,0.5260608,8,1999
30,EST,Estonia,0.5037808,4,1999
31,RUS,Russia,0.5006596,-2,1999
32,ROU,Romania,0.4589614000000001,1,1999
33,BRA,Brazil,0.43923370000000006,-2,1999
34,UKR,Ukraine,0.4356022,-6,1999
35,HKG,Hong Kong,0.42853549999999996,6,1999
36,PRT,Portugal,0.41820870000000004,2,1999
37,GEO,Georgia,0.3493198,-1,1999
38,THA,Thailand,0.34908649999999997,12,1999
39,JOR,Jordan,0.3454052,15,1999
40,BGR,Bulgaria,0.3339216,-8,1999
41,BIH,Bosnia and Herzegovina,0.33079959999999997,-6,1999
42,NZL,New Zealand,0.2973695,-2,1999
43,CHN,China,0.2617353,1,1999
44,LBN,Lebanon,0.1794713,4,1999
45,LVA,Latvia,0.1576467,-2,1999
46,URY,Uruguay,0.15146729999999997,6,1999
47,IND,India,0.1480076,2,1999
48,LTU,Lithuania,0.145814,-6,1999
49,GRC,Greece,0.1015101,2,1999
50,ZAF,South Africa,0.096972,-5,1999
51,PAN,Panama,0.0936071,5,1999
52,AUS,Australia,0.0118867,8,1999
53,TUR,Turkey,0.007182600000000001,6,1999
54,TTO,Trinidad and Tobago,-0.0023393,-7,1999
55,ARG,Argentina,-0.0044031999999999995,0,1999
56,MDA,Moldova,-0.025685200000000002,7,1999
57,CHL,Chile,-0.1175647,7,1999
58,SAU,Saudi Arabia,-0.12045519999999998,-12,1999
59,MKD,Macedonia,-0.13291,3,1999
60,COL,Colombia,-0.1348893,-2,1999
61,VEN,Venezuela,-0.1517213,-8,1999
62,SLV,El Salvador,-0.15943279999999999,4,1999
63,IDN,Indonesia,-0.1747026,5,1999
64,KAZ,Kazakhstan,-0.19967279999999998,-7,1999
65,PHL,Philippines,-0.20515589999999997,11,1999
66,CRI,Costa Rica,-0.3170342,4,1999
67,OMN,Oman,-0.3329394,-2,1999
68,ZWE,Zimbabwe,-0.4076976,19,1999
69,GTM,Guatemala,-0.4085333,3,1999
70,ARE,United Arab Emirates,-0.4162234,-1,1999
71,EGY,Egypt,-0.4320433,3,1999
72,TUN,Tunisia,-0.43752579999999996,-5,1999
73,CUB,Cuba,-0.4468972,11,1999
74,MOZ,Mozambique,-0.4638568,14,1999
75,ALB,Albania,-0.4866374,-2,1999
76,SEN,Senegal,-0.48883459999999995,-5,1999
77,UZB,Uzbekistan,-0.4943853,-2,1999
78,KWT,Kuwait,-0.5051337,-17,1999
79,KEN,Kenya,-0.5242944,0,1999
80,MUS,Mauritius,-0.5264071,-2,1999
81,BOL,Bolivia,-0.5400282,4,1999
82,AZE,Azerbaijan,-0.5548858,-43,1999
83,PER,Peru,-0.5714763,-6,1999
84,CIV,Cote d'Ivoire,-0.5755918999999999,14,1999
85,ZMB,Zambia,-0.6121146,-4,1999
86,LKA,Sri Lanka,-0.6191909000000001,4,1999
87,MNG,Mongolia,-0.664288,7,1999
88,DOM,Dominican Republic,-0.7703081,8,1999
89,PRY,Paraguay,-0.7725966,-9,1999
90,TKM,Turkmenistan,-0.8015401,-4,1999
91,MAR,Morocco,-0.8172479,2,1999
92,JAM,Jamaica,-0.8376306,-1,1999
93,QAT,Qatar,-0.8483136,-10,1999
94,HND,Honduras,-0.8545524999999999,1,1999
95,VNM,Viet Nam,-0.8847693000000001,7,1999
96,NIC,Nicaragua,-0.8997542,1,1999
97,PAK,Pakistan,-0.9326904,9,1999
98,TZA,Tanzania,-0.9669085,12,1999
99,ECU,Ecuador,-1.010075,2,1999
100,IRN,Iran,-1.015881,-11,1999
101,MWI,Malawi,-1.024051,13,1999
102,GAB,Gabon,-1.0390629999999998,3,1999
103,LBY,Libya,-1.0532350000000001,-21,1999
104,GHA,Ghana,-1.069304,5,1999
105,YEM,Yemen,-1.102077,-13,1999
106,DZA,Algeria,-1.14691,-7,1999
107,SYR,Syrian Arab Republic,-1.182389,1,1999
108,MDG,Madagascar,-1.183503,3,1999
109,LAO,Lao PDR,-1.185273,-6,1999
110,ETH,Ethiopia,-1.206309,2,1999
111,SDN,Sudan,-1.235339,-7,1999
112,BGD,Bangladesh,-1.2552379999999999,-12,1999
113,MRT,Mauritania,-1.3302,0,1999
114,COG,Congo,-1.3579219999999999,1,1999
115,KHM,Cambodia,-1.381369,1,1999
116,UGA,Uganda,-1.386852,-9,1999
117,AGO,Angola,-1.616747,0,1999
118,CMR,Cameroon,-1.801489,3,1999
119,GIN,Guinea,-1.855646,0,1999
120,NGA,Nigeria,-2.1083939999999997,-2,1999
121,PNG,Papua New Guinea,-2.1425349999999996,-1,1999
1,JPN,Japan,2.8076529999999997,0,2000
2,DEU,Germany,2.328553,0,2000
3,CHE,Switzerland,2.295028,0,2000
4,SWE,Sweden,2.1722189999999997,0,2000
5,GBR,United Kingdom,2.038504,1,2000
6,USA,United States,1.941573,1,2000
7,FIN,Finland,1.884082,-2,2000
8,AUT,Austria,1.8017150000000002,0,2000
9,FRA,France,1.592558,3,2000
10,CZE,Czech Republic,1.588057,3,2000
11,DNK,Denmark,1.567792,-1,2000
12,ITA,Italy,1.5537,-1,2000
13,SVN,Slovenia,1.520175,2,2000
14,IRL,Ireland,1.502934,-5,2000
15,BEL,Belgium,1.3921,-1,2000
16,SVK,Slovak Republic,1.360425,2,2000
17,KOR,"Korea, Rep.",1.237644,4,2000
18,NLD,Netherlands,1.20957,1,2000
19,ESP,Spain,1.1553790000000002,1,2000
20,HUN,Hungary,1.101479,4,2000
21,SGP,Singapore,1.083045,-5,2000
22,MEX,Mexico,0.9915351,0,2000
23,POL,Poland,0.9795769,2,2000
24,ISR,Israel,0.9605713,-7,2000
25,BLR,Belarus,0.9006611999999999,2,2000
26,CAN,Canada,0.7936127,-3,2000
27,HRV,Croatia,0.7225986,1,2000
28,BRA,Brazil,0.6697394,5,2000
29,UKR,Ukraine,0.6354702,5,2000
30,RUS,Russia,0.6306608,1,2000
31,HKG,Hong Kong,0.5328940999999999,4,2000
32,PRT,Portugal,0.5206272,4,2000
33,ROU,Romania,0.5039800999999999,-1,2000
34,GEO,Georgia,0.48798459999999994,3,2000
35,JOR,Jordan,0.47317109999999996,4,2000
36,THA,Thailand,0.4630736,2,2000
37,BGR,Bulgaria,0.4444977,3,2000
38,MYS,Malaysia,0.41901579999999994,-9,2000
39,EST,Estonia,0.4155398,-9,2000
40,CHN,China,0.3918636,3,2000
41,LVA,Latvia,0.3892489,4,2000
42,NOR,Norway,0.3835284,-16,2000
43,LTU,Lithuania,0.22550599999999998,5,2000
44,NZL,New Zealand,0.2021416,-2,2000
45,GRC,Greece,0.2005055,4,2000
46,IND,India,0.18767679999999998,1,2000
47,BIH,Bosnia and Herzegovina,0.183314,-6,2000
48,PAN,Panama,0.1095049,3,2000
49,URY,Uruguay,0.1039451,-3,2000
50,ZAF,South Africa,0.082445,0,2000
51,TUR,Turkey,0.078996,2,2000
52,LBN,Lebanon,0.0266736,-8,2000
53,ARG,Argentina,0.0074095,2,2000
54,MDA,Moldova,-0.0100653,2,2000
55,PHL,Philippines,-0.0170825,10,2000
56,COL,Colombia,-0.0372676,4,2000
57,TUN,Tunisia,-0.0544648,15,2000
58,MKD,Macedonia,-0.0723671,1,2000
59,AUS,Australia,-0.0928002,-7,2000
60,IDN,Indonesia,-0.09897869999999999,3,2000
61,ALB,Albania,-0.14193139999999999,14,2000
62,CHL,Chile,-0.1423308,-5,2000
63,CRI,Costa Rica,-0.18246489999999999,3,2000
64,TTO,Trinidad and Tobago,-0.2084721,-10,2000
65,SLV,El Salvador,-0.2309348,-3,2000
66,EGY,Egypt,-0.23251860000000002,5,2000
67,BWA,Botswana,-0.2611566,0,2000
68,KAZ,Kazakhstan,-0.3886386,-4,2000
69,NAM,Namibia,-0.4102105,0,2000
70,VEN,Venezuela,-0.43302340000000006,-9,2000
71,ARE,United Arab Emirates,-0.4391126,-1,2000
72,SEN,Senegal,-0.46665500000000004,4,2000
73,MUS,Mauritius,-0.5250876999999999,7,2000
74,GTM,Guatemala,-0.5335453,-5,2000
75,SAU,Saudi Arabia,-0.5499411,-17,2000
76,ZWE,Zimbabwe,-0.5505976,-8,2000
77,LKA,Sri Lanka,-0.5531129,9,2000
78,AZE,Azerbaijan,-0.5763275,4,2000
79,OMN,Oman,-0.6368088000000001,-12,2000
80,BOL,Bolivia,-0.641831,1,2000
81,PER,Peru,-0.6482164,2,2000
82,DOM,Dominican Republic,-0.6519839,6,2000
83,VNM,Viet Nam,-0.6557304,12,2000
84,UZB,Uzbekistan,-0.6711619000000001,-7,2000
85,MAR,Morocco,-0.715594,6,2000
86,MNG,Mongolia,-0.7579256999999999,1,2000
87,KEN,Kenya,-0.7665860999999999,-8,2000
88,MOZ,Mozambique,-0.7931104,-14,2000
89,ZMB,Zambia,-0.8005829000000001,-4,2000
90,PAK,Pakistan,-0.8266681,7,2000
91,KWT,Kuwait,-0.8560449,-13,2000
92,HND,Honduras,-0.8658851000000001,2,2000
93,PRY,Paraguay,-0.8847934000000001,-4,2000
94,BGD,Bangladesh,-0.8987982,18,2000
95,QAT,Qatar,-0.9045133,-2,2000
96,NIC,Nicaragua,-0.9285690999999999,0,2000
97,JAM,Jamaica,-0.9286697,-5,2000
98,IRN,Iran,-0.9355413,2,2000
99,DZA,Algeria,-0.9736997,7,2000
100,CUB,Cuba,-0.9797253,-27,2000
101,KHM,Cambodia,-1.0638299999999998,14,2000
102,CIV,Cote d'Ivoire,-1.106415,-18,2000
103,LAO,Lao PDR,-1.148297,6,2000
104,ECU,Ecuador,-1.158872,-5,2000
105,SYR,Syrian Arab Republic,-1.181604,2,2000
106,MDG,Madagascar,-1.191511,2,2000
107,GHA,Ghana,-1.253343,-3,2000
108,MRT,Mauritania,-1.258235,5,2000
109,TKM,Turkmenistan,-1.270208,-19,2000
110,GAB,Gabon,-1.295137,-8,2000
111,ETH,Ethiopia,-1.29928,-1,2000
112,TZA,Tanzania,-1.351193,-14,2000
113,LBY,Libya,-1.372054,-10,2000
114,UGA,Uganda,-1.388652,2,2000
115,MWI,Malawi,-1.3898190000000001,-14,2000
116,SDN,Sudan,-1.479441,-5,2000
117,YEM,Yemen,-1.5614370000000002,-12,2000
118,CMR,Cameroon,-1.681958,0,2000
119,COG,Congo,-1.7061119999999999,-5,2000
120,GIN,Guinea,-1.7463790000000001,-1,2000
121,PNG,Papua New Guinea,-1.764857,0,2000
122,NGA,Nigeria,-2.08696,-2,2000
123,AGO,Angola,-2.2124509999999997,-6,2000
1,JPN,Japan,2.811295,0,2001
2,DEU,Germany,2.507858,0,2001
3,CHE,Switzerland,2.442137,0,2001
4,SWE,Sweden,2.282477,0,2001
5,GBR,United Kingdom,2.151066,0,2001
6,FIN,Finland,2.095422,1,2001
7,USA,United States,1.971022,-1,2001
8,AUT,Austria,1.947095,0,2001
9,CZE,Czech Republic,1.726506,1,2001
10,IRL,Ireland,1.686405,4,2001
11,FRA,France,1.67215,-2,2001
12,DNK,Denmark,1.614357,-1,2001
13,ITA,Italy,1.584098,-1,2001
14,SVN,Slovenia,1.580435,-1,2001
15,BEL,Belgium,1.574877,0,2001
16,SVK,Slovak Republic,1.381345,0,2001
17,KOR,"Korea, Rep.",1.374188,0,2001
18,NLD,Netherlands,1.316286,0,2001
19,SGP,Singapore,1.3080399999999999,2,2001
20,ESP,Spain,1.203551,-1,2001
21,HUN,Hungary,1.135553,-1,2001
22,MEX,Mexico,1.056085,0,2001
23,POL,Poland,1.00004,0,2001
24,BLR,Belarus,0.9799545000000001,1,2001
25,ISR,Israel,0.9027915000000001,-1,2001
26,CAN,Canada,0.8109788,0,2001
27,RUS,Russia,0.7178454000000001,3,2001
28,NOR,Norway,0.6843789,14,2001
29,HRV,Croatia,0.6411986999999999,-2,2001
30,EST,Estonia,0.6106647,9,2001
31,HKG,Hong Kong,0.6065133,0,2001
32,UKR,Ukraine,0.5892913000000001,-3,2001
33,MYS,Malaysia,0.5414507,5,2001
34,PRT,Portugal,0.5365663,-2,2001
35,ROU,Romania,0.5275721,-2,2001
36,BRA,Brazil,0.492228,-8,2001
37,CHN,China,0.3903548,3,2001
38,BGR,Bulgaria,0.3774376,-1,2001
39,THA,Thailand,0.33892680000000003,-3,2001
40,LVA,Latvia,0.3254116,1,2001
41,JOR,Jordan,0.31639809999999996,-6,2001
42,BIH,Bosnia and Herzegovina,0.1996164,5,2001
43,LTU,Lithuania,0.19581479999999998,0,2001
44,IND,India,0.1523257,2,2001
45,COL,Colombia,0.1362592,11,2001
46,GRC,Greece,0.13425770000000004,-1,2001
47,URY,Uruguay,0.1302327,2,2001
48,TTO,Trinidad and Tobago,0.087836,16,2001
49,NZL,New Zealand,0.084862,-5,2001
50,LBN,Lebanon,0.0621859,2,2001
51,CRI,Costa Rica,-0.007296300000000001,12,2001
52,PAN,Panama,-0.014166899999999998,-4,2001
53,MDA,Moldova,-0.0202202,1,2001
54,TUR,Turkey,-0.027890699999999997,-3,2001
55,ZAF,South Africa,-0.029958799999999997,-5,2001
56,ARG,Argentina,-0.0466645,-3,2001
57,GEO,Georgia,-0.0723208,-23,2001
58,IDN,Indonesia,-0.07601010000000001,2,2001
59,TUN,Tunisia,-0.08057239999999999,-2,2001
60,VEN,Venezuela,-0.14873570000000003,10,2001
61,PHL,Philippines,-0.15394960000000002,-6,2001
62,SLV,El Salvador,-0.1898788,3,2001
63,ALB,Albania,-0.2123275,-2,2001
64,SAU,Saudi Arabia,-0.2264516,11,2001
65,KAZ,Kazakhstan,-0.2723691,3,2001
66,MKD,Macedonia,-0.2786204,-8,2001
67,ARE,United Arab Emirates,-0.28382140000000006,4,2001
68,CHL,Chile,-0.3098236,-6,2001
69,AUS,Australia,-0.3186877,-10,2001
70,EGY,Egypt,-0.3749132,-4,2001
71,MUS,Mauritius,-0.5050345,2,2001
72,QAT,Qatar,-0.5420679,23,2001
73,OMN,Oman,-0.5944175,6,2001
74,GTM,Guatemala,-0.6007784,0,2001
75,NAM,Namibia,-0.6319882,-6,2001
76,DOM,Dominican Republic,-0.6407424,6,2001
77,KEN,Kenya,-0.6515958000000001,10,2001
78,SEN,Senegal,-0.6573967,-6,2001
79,BWA,Botswana,-0.6631296,-12,2001
80,PER,Peru,-0.6694905,1,2001
81,LKA,Sri Lanka,-0.6947854,-4,2001
82,VNM,Viet Nam,-0.7113411000000001,1,2001
83,ZWE,Zimbabwe,-0.7336630000000001,-7,2001
84,JAM,Jamaica,-0.7977883000000001,13,2001
85,KWT,Kuwait,-0.8099306,6,2001
86,BOL,Bolivia,-0.8225844999999999,-6,2001
87,MAR,Morocco,-0.8263764000000001,-2,2001
88,UZB,Uzbekistan,-0.8435976999999999,-4,2001
89,AZE,Azerbaijan,-0.8711957,-11,2001
90,PAK,Pakistan,-0.8919311,0,2001
91,PRY,Paraguay,-0.8947161,2,2001
92,MNG,Mongolia,-0.9024816999999999,-6,2001
93,CIV,Cote d'Ivoire,-0.9192269000000001,9,2001
94,HND,Honduras,-0.9482709999999999,-2,2001
95,DZA,Algeria,-0.9880310999999999,4,2001
96,IRN,Iran,-1.05094,2,2001
97,NIC,Nicaragua,-1.091628,-1,2001
98,CUB,Cuba,-1.109214,2,2001
99,BGD,Bangladesh,-1.120265,-5,2001
100,LAO,Lao PDR,-1.1384530000000002,3,2001
101,ECU,Ecuador,-1.153879,3,2001
102,GHA,Ghana,-1.1773360000000002,5,2001
103,SYR,Syrian Arab Republic,-1.210775,2,2001
104,PNG,Papua New Guinea,-1.211418,17,2001
105,MRT,Mauritania,-1.222561,3,2001
106,LBY,Libya,-1.2294370000000001,7,2001
107,ZMB,Zambia,-1.231328,-18,2001
108,ETH,Ethiopia,-1.250934,3,2001
109,KHM,Cambodia,-1.257526,-8,2001
110,TKM,Turkmenistan,-1.2824440000000001,-1,2001
111,GIN,Guinea,-1.3365790000000002,9,2001
112,YEM,Yemen,-1.422972,5,2001
113,COG,Congo,-1.446253,6,2001
114,MDG,Madagascar,-1.447718,-8,2001
115,UGA,Uganda,-1.465242,-1,2001
116,TZA,Tanzania,-1.498939,-4,2001
117,MOZ,Mozambique,-1.520569,-29,2001
118,CMR,Cameroon,-1.5761020000000001,0,2001
119,MWI,Malawi,-1.592055,-4,2001
120,GAB,Gabon,-1.6935470000000001,-10,2001
121,SDN,Sudan,-1.778154,-5,2001
122,AGO,Angola,-2.201219,1,2001
123,NGA,Nigeria,-2.291983,-1,2001
1,JPN,Japan,2.8753889999999998,0,2002
2,DEU,Germany,2.538956,0,2002
3,SWE,Sweden,2.405088,1,2002
4,CHE,Switzerland,2.219615,-1,2002
5,FIN,Finland,2.1483369999999997,1,2002
6,GBR,United Kingdom,2.131927,-1,2002
7,AUT,Austria,1.980651,1,2002
8,USA,United States,1.892408,-1,2002
9,CZE,Czech Republic,1.7681950000000002,0,2002
10,IRL,Ireland,1.7325580000000003,0,2002
11,FRA,France,1.68487,0,2002
12,DNK,Denmark,1.627485,0,2002
13,SGP,Singapore,1.5956350000000001,6,2002
14,ITA,Italy,1.580869,-1,2002
15,SVN,Slovenia,1.543735,-1,2002
16,BEL,Belgium,1.533287,-1,2002
17,KOR,"Korea, Rep.",1.5168139999999999,0,2002
18,SVK,Slovak Republic,1.430954,-2,2002
19,NLD,Netherlands,1.304743,-1,2002
20,ESP,Spain,1.212708,0,2002
21,MEX,Mexico,1.205078,1,2002
22,BLR,Belarus,1.1426290000000001,2,2002
23,HUN,Hungary,1.140968,-2,2002
24,POL,Poland,1.078838,-1,2002
25,ISR,Israel,1.0110290000000002,0,2002
26,CAN,Canada,0.9560591999999999,0,2002
27,NOR,Norway,0.8195889999999999,1,2002
28,RUS,Russia,0.80462,-1,2002
29,MYS,Malaysia,0.6992116999999999,4,2002
30,HRV,Croatia,0.6823804,-1,2002
31,UKR,Ukraine,0.6638907,1,2002
32,EST,Estonia,0.5968467,-2,2002
33,HKG,Hong Kong,0.5413429,-2,2002
34,PRT,Portugal,0.5079991,0,2002
35,ROU,Romania,0.47046990000000005,0,2002
36,LVA,Latvia,0.44708190000000003,4,2002
37,BGR,Bulgaria,0.42944560000000004,1,2002
38,BRA,Brazil,0.3708433,-2,2002
39,CHN,China,0.3702236,-2,2002
40,THA,Thailand,0.3456942,-1,2002
41,LTU,Lithuania,0.3050423,2,2002
42,NZL,New Zealand,0.21900830000000002,7,2002
43,ZAF,South Africa,0.206848,12,2002
44,JOR,Jordan,0.20463270000000003,-3,2002
45,LBN,Lebanon,0.2005946,5,2002
46,GEO,Georgia,0.1798365,11,2002
47,BIH,Bosnia and Herzegovina,0.1709963,-5,2002
48,GRC,Greece,0.14236400000000002,-2,2002
49,TUR,Turkey,0.072994,5,2002
50,IND,India,0.0677382,-6,2002
51,COL,Colombia,0.0229797,-6,2002
52,PAN,Panama,-0.026335,0,2002
53,SAU,Saudi Arabia,-0.056397800000000005,11,2002
54,CRI,Costa Rica,-0.0870005,-3,2002
55,PHL,Philippines,-0.0873109,6,2002
56,ARG,Argentina,-0.0962096,0,2002
57,CHL,Chile,-0.1029378,11,2002
58,MDA,Moldova,-0.1412112,-5,2002
59,IDN,Indonesia,-0.1501693,-1,2002
60,VEN,Venezuela,-0.1505214,0,2002
61,QAT,Qatar,-0.1588761,11,2002
62,TTO,Trinidad and Tobago,-0.1595695,-14,2002
63,ALB,Albania,-0.1662356,0,2002
64,URY,Uruguay,-0.1696612,-17,2002
65,NAM,Namibia,-0.1734486,10,2002
66,KAZ,Kazakhstan,-0.18945220000000002,-1,2002
67,AUS,Australia,-0.2077382,2,2002
68,TUN,Tunisia,-0.2078306,-9,2002
69,ARE,United Arab Emirates,-0.2392502,-2,2002
70,MKD,Macedonia,-0.3272758,-4,2002
71,BWA,Botswana,-0.34919970000000006,8,2002
72,KWT,Kuwait,-0.36089590000000005,13,2002
73,SLV,El Salvador,-0.374783,-11,2002
74,AZE,Azerbaijan,-0.4733272,15,2002
75,EGY,Egypt,-0.4920127,-5,2002
76,OMN,Oman,-0.5256283,-3,2002
77,LBY,Libya,-0.5458481,29,2002
78,JAM,Jamaica,-0.6134585,6,2002
79,NIC,Nicaragua,-0.623375,18,2002
80,SEN,Senegal,-0.6284565,-2,2002
81,ZWE,Zimbabwe,-0.6373865,2,2002
82,PER,Peru,-0.6657799,-2,2002
83,GTM,Guatemala,-0.6751529000000001,-9,2002
84,DOM,Dominican Republic,-0.6956265,-8,2002
85,MUS,Mauritius,-0.728468,-14,2002
86,LKA,Sri Lanka,-0.768629,-5,2002
87,KEN,Kenya,-0.7713879,-10,2002
88,HND,Honduras,-0.7914915,6,2002
89,UZB,Uzbekistan,-0.8322248,-1,2002
90,VNM,Viet Nam,-0.8938056999999999,-8,2002
91,DZA,Algeria,-0.915902,4,2002
92,MAR,Morocco,-0.9465946,-5,2002
93,ZMB,Zambia,-0.9817494000000001,14,2002
94,PRY,Paraguay,-0.9832424999999999,-3,2002
95,PAK,Pakistan,-1.004373,-5,2002
96,IRN,Iran,-1.004826,0,2002
97,MNG,Mongolia,-1.050517,-5,2002
98,KHM,Cambodia,-1.0831469999999999,11,2002
99,BOL,Bolivia,-1.106969,-13,2002
100,ECU,Ecuador,-1.12687,1,2002
101,CUB,Cuba,-1.132623,-3,2002
102,CIV,Cote d'Ivoire,-1.230299,-9,2002
103,BGD,Bangladesh,-1.2408549999999998,-4,2002
104,MRT,Mauritania,-1.241524,1,2002
105,YEM,Yemen,-1.286297,7,2002
106,CMR,Cameroon,-1.2998,12,2002
107,LAO,Lao PDR,-1.306378,-7,2002
108,TKM,Turkmenistan,-1.3317350000000001,2,2002
109,SYR,Syrian Arab Republic,-1.338144,-6,2002
110,MDG,Madagascar,-1.342603,4,2002
111,SDN,Sudan,-1.374954,10,2002
112,UGA,Uganda,-1.418216,3,2002
113,MOZ,Mozambique,-1.483735,4,2002
114,GAB,Gabon,-1.510441,6,2002
115,TZA,Tanzania,-1.558091,1,2002
116,NGA,Nigeria,-1.57297,7,2002
117,GHA,Ghana,-1.5872680000000001,-15,2002
118,ETH,Ethiopia,-1.618889,-10,2002
119,PNG,Papua New Guinea,-1.663658,-15,2002
120,COG,Congo,-1.708809,-7,2002
121,GIN,Guinea,-1.8068560000000002,-10,2002
122,MWI,Malawi,-1.855277,-3,2002
123,AGO,Angola,-1.860413,-1,2002
1,JPN,Japan,2.737961,0,2003
2,DEU,Germany,2.396845,0,2003
3,SWE,Sweden,2.291418,0,2003
4,CHE,Switzerland,2.210603,0,2003
5,FIN,Finland,2.123176,0,2003
6,GBR,United Kingdom,1.9660830000000002,0,2003
7,AUT,Austria,1.9290490000000002,0,2003
8,USA,United States,1.842614,0,2003
9,CZE,Czech Republic,1.721656,0,2003
10,FRA,France,1.686818,1,2003
11,SVN,Slovenia,1.615536,4,2003
12,SGP,Singapore,1.592223,1,2003
13,DNK,Denmark,1.584778,-1,2003
14,IRL,Ireland,1.5577940000000001,-4,2003
15,ITA,Italy,1.503715,-1,2003
16,BEL,Belgium,1.439094,0,2003
17,SVK,Slovak Republic,1.361831,1,2003
18,KOR,"Korea, Rep.",1.349728,-1,2003
19,NLD,Netherlands,1.2826440000000001,0,2003
20,HUN,Hungary,1.2468110000000001,3,2003
21,MEX,Mexico,1.078023,0,2003
22,NOR,Norway,1.048129,5,2003
23,BLR,Belarus,1.0455729999999999,-1,2003
24,ESP,Spain,1.0444209999999998,-4,2003
25,ISR,Israel,1.005354,0,2003
26,CAN,Canada,0.9423031999999999,0,2003
27,POL,Poland,0.8983648999999999,-3,2003
28,MYS,Malaysia,0.8220078000000002,1,2003
29,RUS,Russia,0.6982514,-1,2003
30,UKR,Ukraine,0.6832232,1,2003
31,HRV,Croatia,0.6792274,-1,2003
32,EST,Estonia,0.671428,0,2003
33,HKG,Hong Kong,0.5094905,0,2003
34,PRT,Portugal,0.5039632000000001,0,2003
35,LVA,Latvia,0.4544077,1,2003
36,BGR,Bulgaria,0.37485100000000005,1,2003
37,CHN,China,0.3740733,2,2003
38,BRA,Brazil,0.3630587,0,2003
39,THA,Thailand,0.3242103,1,2003
40,ROU,Romania,0.30303109999999994,-5,2003
41,LTU,Lithuania,0.29258340000000005,0,2003
42,GEO,Georgia,0.2418014,4,2003
43,NZL,New Zealand,0.1906464,-1,2003
44,SAU,Saudi Arabia,0.1665289,9,2003
45,GRC,Greece,0.1553703,3,2003
46,BIH,Bosnia and Herzegovina,0.15194570000000002,1,2003
47,ZAF,South Africa,0.1169243,-4,2003
48,IND,India,0.107775,2,2003
49,LBN,Lebanon,0.0447207,-4,2003
50,URY,Uruguay,0.020548,14,2003
51,PAN,Panama,0.0192937,1,2003
52,NAM,Namibia,-0.0360986,13,2003
53,TUR,Turkey,-0.047979900000000006,-4,2003
54,ARG,Argentina,-0.08722869999999999,2,2003
55,TTO,Trinidad and Tobago,-0.0873285,7,2003
56,ALB,Albania,-0.10420850000000001,7,2003
57,COL,Colombia,-0.13282979999999997,-6,2003
58,AUS,Australia,-0.1348509,9,2003
59,QAT,Qatar,-0.1418675,2,2003
60,JOR,Jordan,-0.145846,-16,2003
61,IDN,Indonesia,-0.1486205,-2,2003
62,VEN,Venezuela,-0.1710701,-2,2003
63,PHL,Philippines,-0.2040347,-8,2003
64,MDA,Moldova,-0.2209817,-6,2003
65,CHL,Chile,-0.2226375,-8,2003
66,CRI,Costa Rica,-0.2286406,-12,2003
67,ARE,United Arab Emirates,-0.2515692,2,2003
68,BWA,Botswana,-0.3009185,3,2003
69,TUN,Tunisia,-0.3084309,-1,2003
70,SLV,El Salvador,-0.3276848,3,2003
71,KAZ,Kazakhstan,-0.3345656,-5,2003
72,MUS,Mauritius,-0.3534049,13,2003
73,SEN,Senegal,-0.390961,7,2003
74,ZWE,Zimbabwe,-0.4058363,7,2003
75,EGY,Egypt,-0.44418859999999993,0,2003
76,MKD,Macedonia,-0.46566779999999997,-6,2003
77,GTM,Guatemala,-0.6035911,6,2003
78,KWT,Kuwait,-0.6133024,-6,2003
79,DOM,Dominican Republic,-0.6176642,5,2003
80,JAM,Jamaica,-0.6492252,-2,2003
81,LBY,Libya,-0.6624406999999999,-4,2003
82,CUB,Cuba,-0.6726165,19,2003
83,BOL,Bolivia,-0.7196723,16,2003
84,PER,Peru,-0.7352325,-2,2003
85,UZB,Uzbekistan,-0.7530329000000001,4,2003
86,AZE,Azerbaijan,-0.7922882,-12,2003
87,MRT,Mauritania,-0.7965187,17,2003
88,MAR,Morocco,-0.8079562,4,2003
89,HND,Honduras,-0.8245896999999999,-1,2003
90,OMN,Oman,-0.8319665,-14,2003
91,KEN,Kenya,-0.8337870999999999,-4,2003
92,VNM,Viet Nam,-0.8831744,-2,2003
93,LKA,Sri Lanka,-0.8845388000000001,-7,2003
94,CIV,Cote d'Ivoire,-0.9418335999999999,8,2003
95,ECU,Ecuador,-1.0076530000000001,5,2003
96,DZA,Algeria,-1.017518,-5,2003
97,SYR,Syrian Arab Republic,-1.035291,12,2003
98,NIC,Nicaragua,-1.037487,-19,2003
99,IRN,Iran,-1.067721,-3,2003
100,PRY,Paraguay,-1.072366,-6,2003
101,PAK,Pakistan,-1.087464,-6,2003
102,MNG,Mongolia,-1.1028850000000001,-5,2003
103,ZMB,Zambia,-1.158917,-10,2003
104,UGA,Uganda,-1.161704,8,2003
105,GHA,Ghana,-1.176856,12,2003
106,KHM,Cambodia,-1.2160600000000001,-8,2003
107,ETH,Ethiopia,-1.281423,11,2003
108,MOZ,Mozambique,-1.3017379999999998,5,2003
109,GAB,Gabon,-1.350882,5,2003
110,CMR,Cameroon,-1.4006290000000001,-4,2003
111,LAO,Lao PDR,-1.4255639999999998,-4,2003
112,MDG,Madagascar,-1.426623,-2,2003
113,COG,Congo,-1.464795,7,2003
114,TKM,Turkmenistan,-1.474007,-6,2003
115,TZA,Tanzania,-1.5048270000000001,0,2003
116,SDN,Sudan,-1.5160879999999999,-5,2003
117,BGD,Bangladesh,-1.542377,-14,2003
118,YEM,Yemen,-1.672462,-13,2003
119,PNG,Papua New Guinea,-1.72645,0,2003
120,NGA,Nigeria,-1.782317,-4,2003
121,GIN,Guinea,-1.900696,0,2003
122,AGO,Angola,-1.904771,1,2003
123,MWI,Malawi,-1.924737,-1,2003
1,JPN,Japan,2.788723,0,2004
2,DEU,Germany,2.437257,0,2004
3,SWE,Sweden,2.2790220000000003,0,2004
4,CHE,Switzerland,2.242874,0,2004
5,FIN,Finland,2.0808709999999997,0,2004
6,USA,United States,1.996432,2,2004
7,GBR,United Kingdom,1.960266,-1,2004
8,AUT,Austria,1.95195,-1,2004
9,SGP,Singapore,1.759568,3,2004
10,FRA,France,1.7274779999999998,0,2004
11,IRL,Ireland,1.659501,3,2004
12,CZE,Czech Republic,1.653993,-3,2004
13,SVN,Slovenia,1.634752,-2,2004
14,DNK,Denmark,1.579257,-1,2004
15,KOR,"Korea, Rep.",1.488017,3,2004
16,ITA,Italy,1.458908,-1,2004
17,SVK,Slovak Republic,1.4104139999999998,0,2004
18,BEL,Belgium,1.405203,-2,2004
19,HUN,Hungary,1.301381,1,2004
20,NLD,Netherlands,1.2797120000000002,-1,2004
21,ESP,Spain,1.191147,3,2004
22,MEX,Mexico,1.1531799999999999,-1,2004
23,ISR,Israel,1.055285,2,2004
24,POL,Poland,1.038108,3,2004
25,BLR,Belarus,1.030938,-2,2004
26,NOR,Norway,1.021939,-4,2004
27,MYS,Malaysia,0.9477351999999999,1,2004
28,CAN,Canada,0.8072718000000001,-2,2004
29,HRV,Croatia,0.691592,2,2004
30,RUS,Russia,0.6552747,-1,2004
31,EST,Estonia,0.6529673,1,2004
32,UKR,Ukraine,0.6133771,-2,2004
33,PRT,Portugal,0.5839964,1,2004
34,QAT,Qatar,0.5409394000000001,25,2004
35,SAU,Saudi Arabia,0.5051429000000001,9,2004
36,HKG,Hong Kong,0.47175680000000003,-3,2004
37,LVA,Latvia,0.4414108,-2,2004
38,THA,Thailand,0.3922618,1,2004
39,CHN,China,0.3751677,-2,2004
40,BRA,Brazil,0.3363541,-2,2004
41,ROU,Romania,0.33068309999999995,-1,2004
42,LTU,Lithuania,0.2919525,-1,2004
43,BGR,Bulgaria,0.26936140000000003,-7,2004
44,NZL,New Zealand,0.26549229999999996,-1,2004
45,BIH,Bosnia and Herzegovina,0.2599547,1,2004
46,GRC,Greece,0.1294197,-1,2004
47,TUR,Turkey,0.1121872,6,2004
48,JOR,Jordan,0.0632606,12,2004
49,TTO,Trinidad and Tobago,0.0462582,6,2004
50,ZAF,South Africa,0.0441244,-3,2004
51,IND,India,0.027948200000000003,-3,2004
52,PAN,Panama,0.0191075,-1,2004
53,KWT,Kuwait,-0.0136352,25,2004
54,URY,Uruguay,-0.014223900000000001,-4,2004
55,LBN,Lebanon,-0.0229825,-6,2004
56,GEO,Georgia,-0.0352436,-14,2004
57,ARG,Argentina,-0.0754798,-3,2004
58,COL,Colombia,-0.0809443,-1,2004
59,CRI,Costa Rica,-0.11893219999999999,7,2004
60,PHL,Philippines,-0.1604701,3,2004
61,IDN,Indonesia,-0.1886465,0,2004
62,VEN,Venezuela,-0.19702329999999998,0,2004
63,CHL,Chile,-0.26848,2,2004
64,SLV,El Salvador,-0.274109,6,2004
65,ALB,Albania,-0.30213609999999996,-9,2004
66,MDA,Moldova,-0.3088531,-2,2004
67,AUS,Australia,-0.3187438,-9,2004
68,OMN,Oman,-0.320766,22,2004
69,ARE,United Arab Emirates,-0.3355656,-2,2004
70,TUN,Tunisia,-0.3745849,-1,2004
71,KAZ,Kazakhstan,-0.38110459999999996,0,2004
72,DOM,Dominican Republic,-0.4075768,7,2004
73,SEN,Senegal,-0.4079692,0,2004
74,MUS,Mauritius,-0.4327509,-2,2004
75,MKD,Macedonia,-0.4347933,1,2004
76,EGY,Egypt,-0.4703706,-1,2004
77,JAM,Jamaica,-0.4810534000000001,3,2004
78,GTM,Guatemala,-0.5451957,-1,2004
79,NAM,Namibia,-0.5456565999999999,-27,2004
80,CUB,Cuba,-0.5701520999999999,2,2004
81,AZE,Azerbaijan,-0.6201431,5,2004
82,ZWE,Zimbabwe,-0.62758,-8,2004
83,GAB,Gabon,-0.6380191999999999,26,2004
84,PRY,Paraguay,-0.7375468000000001,16,2004
85,AGO,Angola,-0.7424708000000001,37,2004
86,MAR,Morocco,-0.7620708,2,2004
87,SYR,Syrian Arab Republic,-0.766705,10,2004
88,PER,Peru,-0.7733118,-4,2004
89,UZB,Uzbekistan,-0.8064314,-4,2004
90,HND,Honduras,-0.8095977,-1,2004
91,KEN,Kenya,-0.8137333999999999,0,2004
92,BOL,Bolivia,-0.8162961999999999,-9,2004
93,LKA,Sri Lanka,-0.8371127,0,2004
94,DZA,Algeria,-0.8449914000000001,2,2004
95,GHA,Ghana,-0.8699728999999999,10,2004
96,BWA,Botswana,-0.8853700000000001,-28,2004
97,VNM,Viet Nam,-0.8886360000000001,-5,2004
98,CIV,Cote d'Ivoire,-0.9050333,-4,2004
99,IRN,Iran,-0.9292014999999999,0,2004
100,ZMB,Zambia,-0.9507843,3,2004
101,LBY,Libya,-0.9570235999999999,-20,2004
102,PAK,Pakistan,-1.0265879999999998,-1,2004
103,UGA,Uganda,-1.03315,1,2004
104,NIC,Nicaragua,-1.0554059999999998,-6,2004
105,GIN,Guinea,-1.120179,16,2004
106,ECU,Ecuador,-1.147482,-11,2004
107,LAO,Lao PDR,-1.281139,4,2004
108,TZA,Tanzania,-1.281626,7,2004
109,TKM,Turkmenistan,-1.3200020000000001,5,2004
110,MNG,Mongolia,-1.32876,-8,2004
111,MOZ,Mozambique,-1.383573,-3,2004
112,MDG,Madagascar,-1.400105,0,2004
113,ETH,Ethiopia,-1.417106,-6,2004
114,CMR,Cameroon,-1.4452639999999999,-4,2004
115,YEM,Yemen,-1.467116,3,2004
116,BGD,Bangladesh,-1.513092,1,2004
117,MWI,Malawi,-1.526303,6,2004
118,KHM,Cambodia,-1.540648,-12,2004
119,COG,Congo,-1.543223,-6,2004
120,SDN,Sudan,-1.579385,-4,2004
121,PNG,Papua New Guinea,-1.6397439999999999,-2,2004
122,MRT,Mauritania,-1.707697,-35,2004
123,NGA,Nigeria,-2.5204419999999996,-3,2004
1,JPN,Japan,2.694209,0,2005
2,DEU,Germany,2.350311,0,2005
3,CHE,Switzerland,2.2805,1,2005
4,FIN,Finland,2.12835,1,2005
5,SWE,Sweden,2.101274,-2,2005
6,AUT,Austria,1.893472,2,2005
7,GBR,United Kingdom,1.8590470000000001,0,2005
8,USA,United States,1.7838439999999998,-2,2005
9,KOR,"Korea, Rep.",1.661909,6,2005
10,CZE,Czech Republic,1.657687,2,2005
11,SGP,Singapore,1.610633,-2,2005
12,FRA,France,1.58696,-2,2005
13,SVN,Slovenia,1.571102,0,2005
14,DNK,Denmark,1.500469,0,2005
15,IRL,Ireland,1.485662,-4,2005
16,ITA,Italy,1.41651,0,2005
17,BEL,Belgium,1.355967,1,2005
18,SVK,Slovak Republic,1.33598,-1,2005
19,HUN,Hungary,1.249814,0,2005
20,NLD,Netherlands,1.230508,0,2005
21,MEX,Mexico,1.20025,1,2005
22,ISR,Israel,1.114584,1,2005
23,BLR,Belarus,1.091445,2,2005
24,ESP,Spain,1.074454,-3,2005
25,POL,Poland,1.026546,-1,2005
26,NOR,Norway,0.8832606,0,2005
27,CAN,Canada,0.8711143,1,2005
28,HRV,Croatia,0.8222275,1,2005
29,EST,Estonia,0.7903963,2,2005
30,RUS,Russia,0.6775219,0,2005
31,SRB,Serbia,0.6735246,0,2005
32,MYS,Malaysia,0.6703358,-5,2005
33,UKR,Ukraine,0.6432300999999999,-1,2005
34,ROU,Romania,0.6158214,7,2005
35,PRT,Portugal,0.6124629,-2,2005
36,LVA,Latvia,0.5628072,1,2005
37,LTU,Lithuania,0.5386261999999999,5,2005
38,CHN,China,0.4848803,1,2005
39,HKG,Hong Kong,0.4801787,-3,2005
40,BRA,Brazil,0.4555182,0,2005
41,THA,Thailand,0.4086842,-3,2005
42,BIH,Bosnia and Herzegovina,0.3749804,3,2005
43,BGR,Bulgaria,0.331369,0,2005
44,NZL,New Zealand,0.3233783,0,2005
45,SAU,Saudi Arabia,0.2541265,-10,2005
46,LBN,Lebanon,0.20414620000000003,9,2005
47,TUR,Turkey,0.18295379999999997,0,2005
48,ZAF,South Africa,0.1503142,2,2005
49,KWT,Kuwait,0.1499238,4,2005
50,GRC,Greece,0.13022,-4,2005
51,IND,India,0.0763716,0,2005
52,VEN,Venezuela,0.07180639999999999,10,2005
53,URY,Uruguay,0.0457577,1,2005
54,PAN,Panama,0.0433654,-2,2005
55,ARG,Argentina,0.032973699999999995,2,2005
56,JOR,Jordan,-0.0064759,-8,2005
57,QAT,Qatar,-0.0170784,-23,2005
58,GEO,Georgia,-0.0177618,-2,2005
59,COL,Colombia,-0.0869669,-1,2005
60,TTO,Trinidad and Tobago,-0.1114825,-11,2005
61,ARE,United Arab Emirates,-0.11183879999999999,8,2005
62,CRI,Costa Rica,-0.1163701,-3,2005
63,TUN,Tunisia,-0.1762,7,2005
64,IDN,Indonesia,-0.1820672,-3,2005
65,PHL,Philippines,-0.20850170000000004,-5,2005
66,CHL,Chile,-0.22025329999999999,-3,2005
67,AUS,Australia,-0.22103620000000002,0,2005
68,MDA,Moldova,-0.24630900000000003,-2,2005
69,EGY,Egypt,-0.272415,7,2005
70,KAZ,Kazakhstan,-0.2781532,1,2005
71,MKD,Macedonia,-0.3423187,4,2005
72,SEN,Senegal,-0.38000809999999996,1,2005
73,JAM,Jamaica,-0.42382120000000006,4,2005
74,MUS,Mauritius,-0.427004,0,2005
75,SLV,El Salvador,-0.45142079999999996,-11,2005
76,DOM,Dominican Republic,-0.45974079999999995,-4,2005
77,CUB,Cuba,-0.46104880000000004,3,2005
78,ALB,Albania,-0.4659531,-13,2005
79,NAM,Namibia,-0.49676170000000003,0,2005
80,GTM,Guatemala,-0.5661444999999999,-2,2005
81,PER,Peru,-0.5836614,7,2005
82,LBY,Libya,-0.5899430999999999,19,2005
83,OMN,Oman,-0.6023493000000001,-15,2005
84,IRN,Iran,-0.6604703000000001,15,2005
85,MAR,Morocco,-0.6611906,1,2005
86,UZB,Uzbekistan,-0.6670879,3,2005
87,ZWE,Zimbabwe,-0.6698243,-5,2005
88,KEN,Kenya,-0.6727826,3,2005
89,LKA,Sri Lanka,-0.7053007,4,2005
90,BWA,Botswana,-0.7733797,6,2005
91,PRY,Paraguay,-0.7854012,-7,2005
92,SYR,Syrian Arab Republic,-0.8149107,-5,2005
93,PAK,Pakistan,-0.8668146000000001,9,2005
94,VNM,Viet Nam,-0.9115726999999999,3,2005
95,DZA,Algeria,-0.9168223,-1,2005
96,BOL,Bolivia,-0.9198934000000001,-4,2005
97,HND,Honduras,-0.9340768,-7,2005
98,AZE,Azerbaijan,-0.9950099,-17,2005
99,CIV,Cote d'Ivoire,-1.00728,-1,2005
100,MNG,Mongolia,-1.021798,10,2005
101,ZMB,Zambia,-1.1024459999999998,-1,2005
102,GHA,Ghana,-1.116665,-7,2005
103,UGA,Uganda,-1.118002,0,2005
104,ECU,Ecuador,-1.142579,2,2005
105,NIC,Nicaragua,-1.150796,-1,2005
106,MDG,Madagascar,-1.1843620000000001,6,2005
107,LAO,Lao PDR,-1.1950379999999998,0,2005
108,TKM,Turkmenistan,-1.31857,1,2005
109,TZA,Tanzania,-1.343595,-1,2005
110,ETH,Ethiopia,-1.343628,3,2005
111,BGD,Bangladesh,-1.361892,5,2005
112,GAB,Gabon,-1.428228,-29,2005
113,MRT,Mauritania,-1.4572559999999999,9,2005
114,MOZ,Mozambique,-1.46579,-3,2005
115,YEM,Yemen,-1.469907,0,2005
116,MWI,Malawi,-1.496122,1,2005
117,SDN,Sudan,-1.528087,3,2005
118,KHM,Cambodia,-1.5465010000000001,0,2005
119,CMR,Cameroon,-1.592962,-5,2005
120,COG,Congo,-1.6534060000000002,-1,2005
121,GIN,Guinea,-1.6967880000000002,-16,2005
122,PNG,Papua New Guinea,-1.824352,-1,2005
123,AGO,Angola,-1.897187,-38,2005
124,NGA,Nigeria,-2.469092,-1,2005
1,JPN,Japan,2.5205319999999998,0,2006
2,DEU,Germany,2.169909,0,2006
3,SWE,Sweden,2.09384,2,2006
4,CHE,Switzerland,2.0854150000000002,-1,2006
5,FIN,Finland,1.865031,-1,2006
6,AUT,Austria,1.804086,0,2006
7,GBR,United Kingdom,1.799362,0,2006
8,USA,United States,1.6793169999999997,0,2006
9,KOR,"Korea, Rep.",1.629065,0,2006
10,CZE,Czech Republic,1.628729,0,2006
11,SVN,Slovenia,1.508875,2,2006
12,FRA,France,1.497763,0,2006
13,SGP,Singapore,1.470782,-2,2006
14,DNK,Denmark,1.39659,0,2006
15,IRL,Ireland,1.350417,0,2006
16,HUN,Hungary,1.346327,3,2006
17,BEL,Belgium,1.342226,0,2006
18,SVK,Slovak Republic,1.334069,0,2006
19,ITA,Italy,1.314189,-3,2006
20,MEX,Mexico,1.094632,1,2006
21,NLD,Netherlands,1.056871,-1,2006
22,BLR,Belarus,1.021695,1,2006
23,POL,Poland,0.9863489,2,2006
24,ESP,Spain,0.9601384,0,2006
25,ISR,Israel,0.9401888,-3,2006
26,CAN,Canada,0.8381306000000001,1,2006
27,NOR,Norway,0.7734371,-1,2006
28,EST,Estonia,0.7657932,1,2006
29,HRV,Croatia,0.7657892,-1,2006
30,RUS,Russia,0.6501501000000001,0,2006
31,MYS,Malaysia,0.6441741999999999,1,2006
32,ROU,Romania,0.6189693000000001,2,2006
33,LVA,Latvia,0.5646892,3,2006
34,UKR,Ukraine,0.5640509,-1,2006
35,CHN,China,0.5510235,3,2006
36,PRT,Portugal,0.5219583999999999,-1,2006
37,SRB,Serbia,0.5104157,-6,2006
38,HKG,Hong Kong,0.4820463,1,2006
39,THA,Thailand,0.4543856,2,2006
40,BIH,Bosnia and Herzegovina,0.4480943,2,2006
41,LTU,Lithuania,0.4297219,-4,2006
42,BGR,Bulgaria,0.3805732,1,2006
43,BRA,Brazil,0.36407829999999997,-3,2006
44,PAN,Panama,0.2904752,10,2006
45,TUR,Turkey,0.2236934,2,2006
46,NZL,New Zealand,0.21790679999999998,-2,2006
47,PHL,Philippines,0.1342496,18,2006
48,LBN,Lebanon,0.11922139999999999,-2,2006
49,ZAF,South Africa,0.0948103,-1,2006
50,SAU,Saudi Arabia,0.079746,-5,2006
51,GRC,Greece,0.06100409999999999,-1,2006
52,JOR,Jordan,0.05921080000000001,4,2006
53,IND,India,0.018805099999999998,-2,2006
54,COL,Colombia,-0.0308118,5,2006
55,QAT,Qatar,-0.0906768,2,2006
56,ARG,Argentina,-0.1142142,-1,2006
57,URY,Uruguay,-0.1524943,-4,2006
58,CRI,Costa Rica,-0.1680385,4,2006
59,GEO,Georgia,-0.16817079999999998,-1,2006
60,IDN,Indonesia,-0.1923493,4,2006
61,KAZ,Kazakhstan,-0.20654909999999999,9,2006
62,MDA,Moldova,-0.20904679999999998,6,2006
63,TTO,Trinidad and Tobago,-0.21042260000000002,-3,2006
64,TUN,Tunisia,-0.2120337,-1,2006
65,AUS,Australia,-0.2425183,2,2006
66,CHL,Chile,-0.27510450000000003,0,2006
67,ARE,United Arab Emirates,-0.2787599,-6,2006
68,SLV,El Salvador,-0.29631440000000003,7,2006
69,JAM,Jamaica,-0.3148194,4,2006
70,DOM,Dominican Republic,-0.351928,6,2006
71,MKD,Macedonia,-0.355917,0,2006
72,EGY,Egypt,-0.3761993,-3,2006
73,GTM,Guatemala,-0.3798364,7,2006
74,VEN,Venezuela,-0.4457626,-22,2006
75,CUB,Cuba,-0.45383640000000003,2,2006
76,SEN,Senegal,-0.45910270000000003,-4,2006
77,MUS,Mauritius,-0.4927468,-3,2006
78,ZWE,Zimbabwe,-0.5130604999999999,9,2006
79,KEN,Kenya,-0.5145859,9,2006
80,OMN,Oman,-0.5427637,3,2006
81,IRN,Iran,-0.5623038,3,2006
82,VNM,Viet Nam,-0.5968788,12,2006
83,ALB,Albania,-0.6251736999999999,-5,2006
84,KWT,Kuwait,-0.6281989,-35,2006
85,NAM,Namibia,-0.6290153,-6,2006
86,MAR,Morocco,-0.6736958000000001,-1,2006
87,LKA,Sri Lanka,-0.7006760999999999,2,2006
88,PRY,Paraguay,-0.7094938000000001,3,2006
89,UZB,Uzbekistan,-0.7541534000000001,-3,2006
90,SYR,Syrian Arab Republic,-0.772894,2,2006
91,PER,Peru,-0.8194969999999999,-10,2006
92,PAK,Pakistan,-0.8306322,1,2006
93,LBY,Libya,-0.8407097,-11,2006
94,HND,Honduras,-0.8473661,3,2006
95,DZA,Algeria,-0.8610402,0,2006
96,UGA,Uganda,-0.9736153000000001,7,2006
97,MOZ,Mozambique,-1.052237,17,2006
98,BOL,Bolivia,-1.082647,-2,2006
99,NIC,Nicaragua,-1.1202450000000002,6,2006
100,AZE,Azerbaijan,-1.128588,-2,2006
101,BWA,Botswana,-1.147604,-11,2006
102,TZA,Tanzania,-1.158484,7,2006
103,ECU,Ecuador,-1.178293,1,2006
104,CIV,Cote d'Ivoire,-1.196736,-5,2006
105,MNG,Mongolia,-1.1995930000000001,-5,2006
106,GAB,Gabon,-1.211409,6,2006
107,GHA,Ghana,-1.213716,-5,2006
108,LAO,Lao PDR,-1.237918,-1,2006
109,KHM,Cambodia,-1.247403,9,2006
110,MDG,Madagascar,-1.2548290000000002,-4,2006
111,ZMB,Zambia,-1.266915,-10,2006
112,BGD,Bangladesh,-1.29271,-1,2006
113,MWI,Malawi,-1.335213,3,2006
114,TKM,Turkmenistan,-1.371936,-6,2006
115,ETH,Ethiopia,-1.406688,-5,2006
116,YEM,Yemen,-1.587713,-1,2006
117,COG,Congo,-1.662541,3,2006
118,GIN,Guinea,-1.690014,3,2006
119,SDN,Sudan,-1.8466790000000002,-2,2006
120,CMR,Cameroon,-1.895266,-1,2006
121,PNG,Papua New Guinea,-1.925952,1,2006
122,AGO,Angola,-1.9580389999999999,1,2006
123,NGA,Nigeria,-1.9693459999999998,1,2006
124,MRT,Mauritania,-1.9967290000000002,-11,2006
1,JPN,Japan,2.401091,0,2007
2,DEU,Germany,2.120014,0,2007
3,CHE,Switzerland,2.092659,1,2007
4,SWE,Sweden,2.063893,-1,2007
5,FIN,Finland,1.9922099999999998,0,2007
6,AUT,Austria,1.837607,0,2007
7,GBR,United Kingdom,1.7257580000000001,0,2007
8,SGP,Singapore,1.649245,5,2007
9,KOR,"Korea, Rep.",1.6404029999999998,0,2007
10,CZE,Czech Republic,1.63998,0,2007
11,USA,United States,1.628055,-3,2007
12,SVN,Slovenia,1.547134,-1,2007
13,FRA,France,1.5191540000000001,-1,2007
14,SVK,Slovak Republic,1.42856,4,2007
15,ITA,Italy,1.424716,4,2007
16,HUN,Hungary,1.4168319999999999,0,2007
17,DNK,Denmark,1.39805,-3,2007
18,MEX,Mexico,1.280145,2,2007
19,BEL,Belgium,1.239962,-2,2007
20,IRL,Ireland,1.218033,-5,2007
21,NLD,Netherlands,1.098177,0,2007
22,ESP,Spain,1.055136,2,2007
23,POL,Poland,1.040733,0,2007
24,ISR,Israel,1.035979,1,2007
25,BLR,Belarus,1.032945,-3,2007
26,EST,Estonia,0.8503234000000001,2,2007
27,NOR,Norway,0.8393287,0,2007
28,HRV,Croatia,0.8267534,1,2007
29,ROU,Romania,0.7832088,3,2007
30,CAN,Canada,0.7601974,-4,2007
31,CHN,China,0.6937462,4,2007
32,LVA,Latvia,0.6755069,1,2007
33,SRB,Serbia,0.6275284999999999,4,2007
34,PRT,Portugal,0.6076528,2,2007
35,MYS,Malaysia,0.6032811,-4,2007
36,UKR,Ukraine,0.5850316999999999,-2,2007
37,BIH,Bosnia and Herzegovina,0.5440432,3,2007
38,HKG,Hong Kong,0.5238904000000001,0,2007
39,THA,Thailand,0.5098186,0,2007
40,LTU,Lithuania,0.47091400000000005,1,2007
41,RUS,Russia,0.401401,-11,2007
42,BGR,Bulgaria,0.38736859999999995,0,2007
43,LBN,Lebanon,0.38325490000000006,5,2007
44,TUR,Turkey,0.3251927,1,2007
45,BRA,Brazil,0.3142275,-2,2007
46,PAN,Panama,0.26259,-2,2007
47,NZL,New Zealand,0.2449784,-1,2007
48,GRC,Greece,0.2195578,3,2007
49,JOR,Jordan,0.1484875,3,2007
50,IND,India,0.12089160000000002,3,2007
51,MDA,Moldova,0.07077130000000001,11,2007
52,TUN,Tunisia,0.0052461999999999995,12,2007
53,SAU,Saudi Arabia,-0.021309099999999997,-3,2007
54,PHL,Philippines,-0.0400163,-7,2007
55,URY,Uruguay,-0.046888,2,2007
56,QAT,Qatar,-0.0645125,-1,2007
57,ZAF,South Africa,-0.0726372,-8,2007
58,ARG,Argentina,-0.157403,-2,2007
59,IDN,Indonesia,-0.1774243,1,2007
60,CRI,Costa Rica,-0.200545,-2,2007
61,COL,Colombia,-0.2094893,-7,2007
62,DOM,Dominican Republic,-0.2237439,8,2007
63,ARE,United Arab Emirates,-0.23347710000000002,4,2007
64,GEO,Georgia,-0.2503771,-5,2007
65,CHL,Chile,-0.2573354,1,2007
66,AUS,Australia,-0.2814261,-1,2007
67,KWT,Kuwait,-0.2846687,17,2007
68,MKD,Macedonia,-0.30366309999999996,3,2007
69,EGY,Egypt,-0.3246673,3,2007
70,TTO,Trinidad and Tobago,-0.34695329999999996,-7,2007
71,SLV,El Salvador,-0.3541812,-3,2007
72,GTM,Guatemala,-0.35577190000000003,1,2007
73,SEN,Senegal,-0.39593829999999997,3,2007
74,MUS,Mauritius,-0.4180366,3,2007
75,KAZ,Kazakhstan,-0.42141190000000006,-14,2007
76,ALB,Albania,-0.47400990000000004,7,2007
77,CUB,Cuba,-0.4907791,-2,2007
78,OMN,Oman,-0.5097991,2,2007
79,UZB,Uzbekistan,-0.5253426999999999,10,2007
80,VNM,Viet Nam,-0.5353558,2,2007
81,ZWE,Zimbabwe,-0.5582193,-3,2007
82,JAM,Jamaica,-0.5703959,-13,2007
83,NAM,Namibia,-0.5827829999999999,2,2007
84,SYR,Syrian Arab Republic,-0.5988193,6,2007
85,LKA,Sri Lanka,-0.6516603,2,2007
86,MAR,Morocco,-0.6711866999999999,0,2007
87,PRY,Paraguay,-0.6801673,1,2007
88,KEN,Kenya,-0.7117664,-9,2007
89,VEN,Venezuela,-0.729607,-15,2007
90,ZMB,Zambia,-0.7588461,21,2007
91,PER,Peru,-0.7638041,0,2007
92,GAB,Gabon,-0.7732001000000001,14,2007
93,BWA,Botswana,-0.8354651,8,2007
94,CMR,Cameroon,-0.8365469000000001,26,2007
95,PAK,Pakistan,-0.8550745999999999,-3,2007
96,UGA,Uganda,-0.8631791,0,2007
97,HND,Honduras,-0.9006029000000001,-3,2007
98,IRN,Iran,-0.9283431999999999,-17,2007
99,GHA,Ghana,-0.9790655,8,2007
100,NIC,Nicaragua,-1.01226,-1,2007
101,LAO,Lao PDR,-1.013514,7,2007
102,MDG,Madagascar,-1.032311,8,2007
103,TZA,Tanzania,-1.070635,-1,2007
104,ECU,Ecuador,-1.120076,-1,2007
105,BOL,Bolivia,-1.141325,-7,2007
106,ETH,Ethiopia,-1.17598,9,2007
107,DZA,Algeria,-1.1822469999999998,-12,2007
108,CIV,Cote d'Ivoire,-1.1937879999999998,-4,2007
109,MNG,Mongolia,-1.212585,-4,2007
110,AZE,Azerbaijan,-1.241615,-10,2007
111,KHM,Cambodia,-1.2968389999999999,-2,2007
112,BGD,Bangladesh,-1.319239,0,2007
113,LBY,Libya,-1.320255,-20,2007
114,TKM,Turkmenistan,-1.369877,0,2007
115,MOZ,Mozambique,-1.436157,-18,2007
116,MWI,Malawi,-1.529374,-3,2007
117,YEM,Yemen,-1.5343440000000002,-1,2007
118,GIN,Guinea,-1.6763439999999998,0,2007
119,NGA,Nigeria,-1.7394180000000001,4,2007
120,COG,Congo,-1.829963,-3,2007
121,AGO,Angola,-1.8837720000000002,1,2007
122,MRT,Mauritania,-1.949687,2,2007
123,PNG,Papua New Guinea,-2.063366,-2,2007
124,SDN,Sudan,-2.172662,-5,2007
1,JPN,Japan,2.393393,0,2008
2,CHE,Switzerland,2.050801,1,2008
3,DEU,Germany,2.043978,-1,2008
4,SWE,Sweden,1.929686,0,2008
5,AUT,Austria,1.785837,1,2008
6,FIN,Finland,1.781312,-1,2008
7,GBR,United Kingdom,1.7420200000000001,0,2008
8,CZE,Czech Republic,1.680684,2,2008
9,USA,United States,1.55742,2,2008
10,KOR,"Korea, Rep.",1.521592,-1,2008
11,FRA,France,1.499802,2,2008
12,SGP,Singapore,1.490045,-4,2008
13,IRL,Ireland,1.441056,7,2008
14,HUN,Hungary,1.4345709999999998,2,2008
15,SVK,Slovak Republic,1.428873,-1,2008
16,SVN,Slovenia,1.421582,-4,2008
17,ITA,Italy,1.355792,-2,2008
18,DNK,Denmark,1.302906,-1,2008
19,BEL,Belgium,1.2119870000000001,0,2008
20,NLD,Netherlands,1.067137,1,2008
21,MEX,Mexico,1.036158,-3,2008
22,ISR,Israel,1.023334,2,2008
23,POL,Poland,1.019069,0,2008
24,ESP,Spain,0.9826963,-2,2008
25,BLR,Belarus,0.9765109000000001,0,2008
26,HRV,Croatia,0.8730224,2,2008
27,EST,Estonia,0.745463,-1,2008
28,CHN,China,0.7282446,3,2008
29,ROU,Romania,0.707468,0,2008
30,LVA,Latvia,0.6193124,2,2008
31,PRT,Portugal,0.6147697,3,2008
32,CAN,Canada,0.6066161999999999,-2,2008
33,NOR,Norway,0.5674832,-6,2008
34,THA,Thailand,0.5532869,5,2008
35,MYS,Malaysia,0.5474718000000001,0,2008
36,BIH,Bosnia and Herzegovina,0.5450086999999999,1,2008
37,SRB,Serbia,0.5209587,-4,2008
38,HKG,Hong Kong,0.5161027,0,2008
39,LTU,Lithuania,0.4329010999999999,1,2008
40,UKR,Ukraine,0.4275032,-4,2008
41,BGR,Bulgaria,0.3647331,1,2008
42,PAN,Panama,0.3531561,4,2008
43,LBN,Lebanon,0.3053252,0,2008
44,RUS,Russia,0.28422990000000004,-3,2008
45,TUR,Turkey,0.28114859999999997,-1,2008
46,ALB,Albania,0.2656438,30,2008
47,JOR,Jordan,0.1829405,2,2008
48,NZL,New Zealand,0.1658417,-1,2008
49,GRC,Greece,0.1513842,-1,2008
50,BRA,Brazil,0.14019979999999999,-5,2008
51,IND,India,0.11594180000000001,-1,2008
52,PHL,Philippines,0.1075415,2,2008
53,COL,Colombia,0.0378353,8,2008
54,ZAF,South Africa,-0.0188602,3,2008
55,URY,Uruguay,-0.0565175,0,2008
56,CRI,Costa Rica,-0.0690044,4,2008
57,ARG,Argentina,-0.0819927,1,2008
58,SLV,El Salvador,-0.129604,13,2008
59,MDA,Moldova,-0.1758764,-8,2008
60,TUN,Tunisia,-0.2047132,-8,2008
61,IDN,Indonesia,-0.2786531,-2,2008
62,MKD,Macedonia,-0.2878166,6,2008
63,BWA,Botswana,-0.3084235,30,2008
64,ARE,United Arab Emirates,-0.32551540000000007,-1,2008
65,EGY,Egypt,-0.3282268,4,2008
66,CHL,Chile,-0.3318693,-1,2008
67,JAM,Jamaica,-0.3384351,15,2008
68,NAM,Namibia,-0.34416959999999996,15,2008
69,AUS,Australia,-0.41489799999999993,-3,2008
70,SYR,Syrian Arab Republic,-0.4159772,14,2008
71,DOM,Dominican Republic,-0.41991179999999995,-9,2008
72,GTM,Guatemala,-0.4266313,0,2008
73,GEO,Georgia,-0.4323,-9,2008
74,CUB,Cuba,-0.4724174,3,2008
75,ZWE,Zimbabwe,-0.4940021,6,2008
76,KAZ,Kazakhstan,-0.5105863,-1,2008
77,VNM,Viet Nam,-0.5521255,3,2008
78,MUS,Mauritius,-0.5547081,-4,2008
79,LKA,Sri Lanka,-0.5737028000000001,6,2008
80,KEN,Kenya,-0.5819433,8,2008
81,OMN,Oman,-0.6133562,-3,2008
82,SEN,Senegal,-0.6492609,-9,2008
83,UZB,Uzbekistan,-0.6590041999999999,-4,2008
84,TTO,Trinidad and Tobago,-0.6920940999999999,-14,2008
85,PER,Peru,-0.725719,6,2008
86,PRY,Paraguay,-0.7340159,1,2008
87,MAR,Morocco,-0.7838259,-1,2008
88,PAK,Pakistan,-0.832219,7,2008
89,UGA,Uganda,-0.8411244000000001,7,2008
90,QAT,Qatar,-0.8619379,-34,2008
91,VEN,Venezuela,-0.9570784999999999,-2,2008
92,HND,Honduras,-0.9728015,5,2008
93,TZA,Tanzania,-0.9875120000000001,10,2008
94,BOL,Bolivia,-0.9880803,11,2008
95,NIC,Nicaragua,-1.0001200000000001,5,2008
96,SAU,Saudi Arabia,-1.002055,-43,2008
97,GAB,Gabon,-1.037176,-5,2008
98,KWT,Kuwait,-1.053783,-31,2008
99,ECU,Ecuador,-1.058881,5,2008
100,ZMB,Zambia,-1.101383,-10,2008
101,LAO,Lao PDR,-1.125306,0,2008
102,MDG,Madagascar,-1.138105,0,2008
103,ETH,Ethiopia,-1.139493,3,2008
104,CMR,Cameroon,-1.149924,-10,2008
105,BGD,Bangladesh,-1.220983,7,2008
106,GHA,Ghana,-1.266414,-7,2008
107,KHM,Cambodia,-1.2835809999999999,4,2008
108,CIV,Cote d'Ivoire,-1.301139,0,2008
109,MWI,Malawi,-1.304856,7,2008
110,AZE,Azerbaijan,-1.312492,0,2008
111,MNG,Mongolia,-1.3246200000000001,-2,2008
112,YEM,Yemen,-1.329574,5,2008
113,IRN,Iran,-1.34694,-15,2008
114,TKM,Turkmenistan,-1.4501110000000001,0,2008
115,MOZ,Mozambique,-1.458874,0,2008
116,COG,Congo,-1.5255729999999998,4,2008
117,DZA,Algeria,-1.577564,-10,2008
118,LBY,Libya,-1.652318,-5,2008
119,PNG,Papua New Guinea,-1.68367,4,2008
120,GIN,Guinea,-1.6875240000000002,-2,2008
121,SDN,Sudan,-1.8671689999999999,3,2008
122,AGO,Angola,-1.877979,-1,2008
123,MRT,Mauritania,-1.9896099999999999,-1,2008
124,NGA,Nigeria,-2.088924,-5,2008
1,JPN,Japan,2.251071,0,2009
2,CHE,Switzerland,2.083695,0,2009
3,DEU,Germany,2.037783,0,2009
4,SWE,Sweden,1.941166,0,2009
5,FIN,Finland,1.9027599999999998,1,2009
6,AUT,Austria,1.8397310000000002,-1,2009
7,GBR,United Kingdom,1.713911,0,2009
8,KOR,"Korea, Rep.",1.673082,2,2009
9,CZE,Czech Republic,1.666418,-1,2009
10,SGP,Singapore,1.604156,2,2009
11,USA,United States,1.577847,-2,2009
12,SVN,Slovenia,1.522076,4,2009
13,HUN,Hungary,1.513158,1,2009
14,SVK,Slovak Republic,1.489018,1,2009
15,IRL,Ireland,1.480641,-2,2009
16,FRA,France,1.4726780000000002,-5,2009
17,DNK,Denmark,1.35071,1,2009
18,ITA,Italy,1.336818,-1,2009
19,BEL,Belgium,1.2272809999999998,0,2009
20,POL,Poland,1.079664,3,2009
21,NLD,Netherlands,1.0681889999999998,-1,2009
22,ESP,Spain,0.9947808000000001,2,2009
23,BLR,Belarus,0.9894828999999999,2,2009
24,MEX,Mexico,0.9591900999999999,-3,2009
25,ISR,Israel,0.9245128,-3,2009
26,HRV,Croatia,0.8580468000000001,0,2009
27,CAN,Canada,0.7311446999999999,5,2009
28,CHN,China,0.6853943,0,2009
29,LVA,Latvia,0.6739632,1,2009
30,THA,Thailand,0.6150013000000001,4,2009
31,NOR,Norway,0.6008654,2,2009
32,ROU,Romania,0.5997802,-3,2009
33,EST,Estonia,0.5900865,-6,2009
34,SRB,Serbia,0.549287,3,2009
35,PRT,Portugal,0.5149366,-4,2009
36,ALB,Albania,0.47015290000000004,10,2009
37,BIH,Bosnia and Herzegovina,0.4666813,-1,2009
38,UKR,Ukraine,0.4235894,2,2009
39,MYS,Malaysia,0.4230316,-4,2009
40,LTU,Lithuania,0.4126598,-1,2009
41,HKG,Hong Kong,0.38446290000000005,-3,2009
42,LBN,Lebanon,0.3431203,1,2009
43,BGR,Bulgaria,0.2734514,-2,2009
44,PAN,Panama,0.23127029999999998,-2,2009
45,TUR,Turkey,0.19657339999999998,0,2009
46,RUS,Russia,0.1748005,-2,2009
47,JOR,Jordan,0.1457411,0,2009
48,GRC,Greece,0.1381631,1,2009
49,COL,Colombia,0.1235165,4,2009
50,PHL,Philippines,0.043921499999999995,2,2009
51,BRA,Brazil,-0.003956,-1,2009
52,IND,India,-0.0088509,-1,2009
53,NZL,New Zealand,-0.0107816,-5,2009
54,SAU,Saudi Arabia,-0.0132817,42,2009
55,TUN,Tunisia,-0.0531689,5,2009
56,URY,Uruguay,-0.0605129,-1,2009
57,BWA,Botswana,-0.0678459,6,2009
58,ARG,Argentina,-0.0821084,-1,2009
59,ARE,United Arab Emirates,-0.11251549999999999,5,2009
60,MDA,Moldova,-0.1604965,-1,2009
61,CRI,Costa Rica,-0.16206089999999998,-5,2009
62,ZAF,South Africa,-0.1801838,-8,2009
63,KWT,Kuwait,-0.29813920000000005,35,2009
64,JAM,Jamaica,-0.30597409999999997,3,2009
65,NAM,Namibia,-0.3060757,3,2009
66,TTO,Trinidad and Tobago,-0.30697009999999997,18,2009
67,GEO,Georgia,-0.31763359999999996,6,2009
68,SLV,El Salvador,-0.3206184,-10,2009
69,QAT,Qatar,-0.34016199999999996,21,2009
70,EGY,Egypt,-0.35008979999999995,-5,2009
71,VEN,Venezuela,-0.35912990000000006,20,2009
72,CHL,Chile,-0.380133,-6,2009
73,MKD,Macedonia,-0.3886372,-11,2009
74,IDN,Indonesia,-0.4034935,-13,2009
75,OMN,Oman,-0.4040357,6,2009
76,SYR,Syrian Arab Republic,-0.44743320000000003,-6,2009
77,MUS,Mauritius,-0.4713553,1,2009
78,CUB,Cuba,-0.4775135999999999,-4,2009
79,KEN,Kenya,-0.5018768,1,2009
80,DOM,Dominican Republic,-0.5533296,-9,2009
81,VNM,Viet Nam,-0.5633579000000001,-4,2009
82,AUS,Australia,-0.6046753,-13,2009
83,GTM,Guatemala,-0.6365758,-11,2009
84,MAR,Morocco,-0.6854387,3,2009
85,KAZ,Kazakhstan,-0.7286341,-9,2009
86,PRY,Paraguay,-0.7508587,0,2009
87,SEN,Senegal,-0.7517927,-5,2009
88,UZB,Uzbekistan,-0.7700253,-5,2009
89,LKA,Sri Lanka,-0.8303583000000001,-10,2009
90,PAK,Pakistan,-0.8366654,-2,2009
91,UGA,Uganda,-0.839211,-2,2009
92,ZWE,Zimbabwe,-0.8837983,-17,2009
93,PER,Peru,-0.892244,-8,2009
94,HND,Honduras,-0.9120494,-2,2009
95,DZA,Algeria,-0.9187953000000001,22,2009
96,MNG,Mongolia,-0.9972658999999999,15,2009
97,ETH,Ethiopia,-1.0411709999999998,6,2009
98,TZA,Tanzania,-1.047109,-5,2009
99,ECU,Ecuador,-1.0481,0,2009
100,ZMB,Zambia,-1.06498,0,2009
101,NIC,Nicaragua,-1.0901379999999998,-6,2009
102,MDG,Madagascar,-1.115305,0,2009
103,CMR,Cameroon,-1.145924,1,2009
104,BOL,Bolivia,-1.151095,-10,2009
105,GAB,Gabon,-1.220799,-8,2009
106,MOZ,Mozambique,-1.223271,9,2009
107,TKM,Turkmenistan,-1.232515,7,2009
108,LAO,Lao PDR,-1.2503600000000001,-7,2009
109,YEM,Yemen,-1.258448,3,2009
110,GHA,Ghana,-1.272443,-4,2009
111,CIV,Cote d'Ivoire,-1.286694,-3,2009
112,IRN,Iran,-1.3084719999999999,1,2009
113,KHM,Cambodia,-1.353054,-6,2009
114,BGD,Bangladesh,-1.368808,-9,2009
115,LBY,Libya,-1.5087760000000001,3,2009
116,COG,Congo,-1.638853,0,2009
117,MWI,Malawi,-1.660618,-8,2009
118,AZE,Azerbaijan,-1.791913,-8,2009
119,MRT,Mauritania,-1.831864,4,2009
120,NGA,Nigeria,-1.854228,4,2009
121,PNG,Papua New Guinea,-1.866639,-2,2009
122,GIN,Guinea,-1.9088580000000002,-2,2009
123,SDN,Sudan,-2.0622540000000003,-2,2009
124,AGO,Angola,-2.161803,-2,2009
1,JPN,Japan,2.4371169999999998,0,2010
2,DEU,Germany,2.056902,1,2010
3,CHE,Switzerland,2.0475220000000003,-1,2010
4,SWE,Sweden,1.8197869999999998,0,2010
5,KOR,"Korea, Rep.",1.8174560000000002,3,2010
6,AUT,Austria,1.814157,0,2010
7,CZE,Czech Republic,1.809494,2,2010
8,FIN,Finland,1.783404,-3,2010
9,GBR,United Kingdom,1.657484,-2,2010
10,USA,United States,1.605325,1,2010
11,SGP,Singapore,1.5665790000000002,-1,2010
12,HUN,Hungary,1.53247,1,2010
13,FRA,France,1.521992,3,2010
14,SVN,Slovenia,1.508083,-2,2010
15,SVK,Slovak Republic,1.4728729999999999,-1,2010
16,ITA,Italy,1.416083,2,2010
17,IRL,Ireland,1.323713,-2,2010
18,DNK,Denmark,1.2934889999999999,-1,2010
19,BEL,Belgium,1.193266,0,2010
20,POL,Poland,1.1494309999999999,0,2010
21,MEX,Mexico,1.062669,3,2010
22,ISR,Israel,1.059754,3,2010
23,NLD,Netherlands,1.043891,-2,2010
24,ESP,Spain,0.9846298000000001,-2,2010
25,BLR,Belarus,0.9347879000000001,-2,2010
26,HRV,Croatia,0.8169767,0,2010
27,CHN,China,0.7487578,1,2010
28,EST,Estonia,0.7148722,5,2010
29,THA,Thailand,0.6655095,1,2010
30,CAN,Canada,0.6643446,-3,2010
31,NOR,Norway,0.6284181999999999,0,2010
32,ROU,Romania,0.6272691,0,2010
33,MYS,Malaysia,0.6012708999999999,6,2010
34,LTU,Lithuania,0.5898329999999999,6,2010
35,LVA,Latvia,0.5859888000000001,-6,2010
36,SRB,Serbia,0.5856676,-2,2010
37,PRT,Portugal,0.5688599,-2,2010
38,HKG,Hong Kong,0.5619233,3,2010
39,BIH,Bosnia and Herzegovina,0.5382385999999999,-2,2010
40,UKR,Ukraine,0.5313954000000001,-2,2010
41,BGR,Bulgaria,0.4995638,2,2010
42,RUS,Russia,0.3899353,4,2010
43,PAN,Panama,0.3661473,1,2010
44,TUR,Turkey,0.3056051,1,2010
45,LBN,Lebanon,0.29287909999999995,-3,2010
46,PHL,Philippines,0.2187974,4,2010
47,JOR,Jordan,0.2059869,0,2010
48,GRC,Greece,0.1812566,0,2010
49,BRA,Brazil,0.1660155,2,2010
50,SAU,Saudi Arabia,0.1542542,4,2010
51,URY,Uruguay,0.10013810000000001,5,2010
52,NZL,New Zealand,0.057422,1,2010
53,QAT,Qatar,-0.017402,16,2010
54,ZAF,South Africa,-0.0343966,8,2010
55,TUN,Tunisia,-0.0372071,0,2010
56,CRI,Costa Rica,-0.0472418,5,2010
57,IND,India,-0.053902,-5,2010
58,COL,Colombia,-0.0832375,-9,2010
59,KWT,Kuwait,-0.0924625,4,2010
60,ARG,Argentina,-0.10775499999999999,-2,2010
61,MDA,Moldova,-0.10913980000000001,-1,2010
62,ARE,United Arab Emirates,-0.1281887,-3,2010
63,JAM,Jamaica,-0.1937251,1,2010
64,MUS,Mauritius,-0.23642,13,2010
65,TTO,Trinidad and Tobago,-0.2563473,1,2010
66,SLV,El Salvador,-0.2852425,2,2010
67,MKD,Macedonia,-0.2931511,6,2010
68,GEO,Georgia,-0.30722859999999996,-1,2010
69,CHL,Chile,-0.3208939,3,2010
70,SYR,Syrian Arab Republic,-0.32971490000000003,6,2010
71,VEN,Venezuela,-0.3365745,0,2010
72,EGY,Egypt,-0.3513976,-2,2010
73,OMN,Oman,-0.36527790000000004,2,2010
74,IDN,Indonesia,-0.4112687,0,2010
75,AUS,Australia,-0.44769960000000003,7,2010
76,NAM,Namibia,-0.4679902,-11,2010
77,KEN,Kenya,-0.4789684,2,2010
78,DOM,Dominican Republic,-0.4835875,2,2010
79,VNM,Viet Nam,-0.5090060000000001,2,2010
80,GTM,Guatemala,-0.5867069,3,2010
81,BWA,Botswana,-0.6042419,-24,2010
82,UZB,Uzbekistan,-0.631069,6,2010
83,CUB,Cuba,-0.6339559,-5,2010
84,KAZ,Kazakhstan,-0.6488537,1,2010
85,IRN,Iran,-0.6558315,27,2010
86,ALB,Albania,-0.6706008000000001,-50,2010
87,MAR,Morocco,-0.6942581999999999,-3,2010
88,SEN,Senegal,-0.7128455,-1,2010
89,PRY,Paraguay,-0.7493645999999999,-3,2010
90,UGA,Uganda,-0.7616221,1,2010
91,PER,Peru,-0.7904941999999999,2,2010
92,LKA,Sri Lanka,-0.8185479999999999,-3,2010
93,MDG,Madagascar,-0.880338,9,2010
94,ECU,Ecuador,-0.8844960999999999,5,2010
95,HND,Honduras,-0.9171159999999999,-1,2010
96,GHA,Ghana,-0.927794,14,2010
97,BOL,Bolivia,-0.9619310999999999,7,2010
98,PAK,Pakistan,-1.01348,-8,2010
99,CMR,Cameroon,-1.033728,4,2010
100,ZMB,Zambia,-1.0503040000000001,0,2010
101,ZWE,Zimbabwe,-1.061491,-9,2010
102,GAB,Gabon,-1.098449,3,2010
103,LBY,Libya,-1.1127719999999999,12,2010
104,ETH,Ethiopia,-1.113466,-7,2010
105,TZA,Tanzania,-1.1347610000000001,-7,2010
106,TKM,Turkmenistan,-1.1559540000000001,1,2010
107,DZA,Algeria,-1.180268,-12,2010
108,AZE,Azerbaijan,-1.23058,10,2010
109,NIC,Nicaragua,-1.2521790000000002,-8,2010
110,KHM,Cambodia,-1.2787629999999999,3,2010
111,CIV,Cote d'Ivoire,-1.298235,0,2010
112,LAO,Lao PDR,-1.321896,-4,2010
113,COG,Congo,-1.386272,3,2010
114,MNG,Mongolia,-1.40775,-18,2010
115,BGD,Bangladesh,-1.4866110000000001,-1,2010
116,YEM,Yemen,-1.514823,-7,2010
117,MWI,Malawi,-1.5413219999999999,0,2010
118,PNG,Papua New Guinea,-1.687691,3,2010
119,SDN,Sudan,-1.781322,4,2010
120,AGO,Angola,-1.807363,4,2010
121,GIN,Guinea,-1.904198,1,2010
122,NGA,Nigeria,-1.949801,-2,2010
123,MOZ,Mozambique,-1.9718380000000002,-17,2010
124,MRT,Mauritania,-2.038647,-5,2010
1,JPN,Japan,2.312662,0,2011
2,CHE,Switzerland,2.041227,1,2011
3,DEU,Germany,1.958294,-1,2011
4,SWE,Sweden,1.8635650000000001,0,2011
5,KOR,"Korea, Rep.",1.803923,0,2011
6,AUT,Austria,1.799794,0,2011
7,CZE,Czech Republic,1.7983650000000002,0,2011
8,FIN,Finland,1.732043,0,2011
9,GBR,United Kingdom,1.57063,0,2011
10,USA,United States,1.540439,0,2011
11,HUN,Hungary,1.539323,1,2011
12,SVN,Slovenia,1.527684,2,2011
13,SVK,Slovak Republic,1.501717,2,2011
14,SGP,Singapore,1.490114,-3,2011
15,FRA,France,1.461878,-2,2011
16,ITA,Italy,1.362241,0,2011
17,IRL,Ireland,1.304843,0,2011
18,DNK,Denmark,1.284218,0,2011
19,BEL,Belgium,1.158189,0,2011
20,ISR,Israel,1.14429,2,2011
21,POL,Poland,1.1368690000000001,-1,2011
22,BLR,Belarus,1.027334,3,2011
23,NLD,Netherlands,0.9763622999999999,0,2011
24,CHN,China,0.9683826999999999,3,2011
25,ESP,Spain,0.9632195,-1,2011
26,MEX,Mexico,0.9126224000000001,-5,2011
27,HRV,Croatia,0.8776159,-1,2011
28,EST,Estonia,0.8679178,0,2011
29,THA,Thailand,0.8514145000000001,0,2011
30,LTU,Lithuania,0.7510168,4,2011
31,MYS,Malaysia,0.7352321999999999,2,2011
32,HKG,Hong Kong,0.7335614,6,2011
33,ROU,Romania,0.7171821,-1,2011
34,LVA,Latvia,0.6950228,1,2011
35,CAN,Canada,0.5926695,-5,2011
36,PAN,Panama,0.5914156999999999,7,2011
37,NOR,Norway,0.5815073000000001,-6,2011
38,PRT,Portugal,0.5603234,-1,2011
39,BIH,Bosnia and Herzegovina,0.5298743,0,2011
40,SRB,Serbia,0.5205429,-4,2011
41,BGR,Bulgaria,0.5073666,0,2011
42,UKR,Ukraine,0.4783242999999999,-2,2011
43,TUR,Turkey,0.36977740000000003,1,2011
44,LBN,Lebanon,0.2548722,1,2011
45,RUS,Russia,0.2337397,-3,2011
46,GRC,Greece,0.17275079999999998,2,2011
47,PHL,Philippines,0.1706308,-1,2011
48,NZL,New Zealand,0.1611741,4,2011
49,IND,India,0.1021,8,2011
50,TUN,Tunisia,0.098387,5,2011
51,JOR,Jordan,0.0839187,-4,2011
52,URY,Uruguay,0.06983980000000001,-1,2011
53,BRA,Brazil,0.066165,-4,2011
54,CRI,Costa Rica,0.0613994,2,2011
55,SAU,Saudi Arabia,0.0203644,-5,2011
56,COL,Colombia,-0.0392575,2,2011
57,GEO,Georgia,-0.06796139999999999,11,2011
58,MDA,Moldova,-0.138378,3,2011
59,CHL,Chile,-0.14667729999999998,10,2011
60,QAT,Qatar,-0.1491941,-7,2011
61,ARE,United Arab Emirates,-0.15678770000000003,1,2011
62,ZAF,South Africa,-0.1768026,-8,2011
63,ARG,Argentina,-0.17825120000000003,-3,2011
64,SLV,El Salvador,-0.2065623,2,2011
65,IDN,Indonesia,-0.2212881,9,2011
66,JAM,Jamaica,-0.2513672,-3,2011
67,MUS,Mauritius,-0.27599,-3,2011
68,VNM,Viet Nam,-0.304431,11,2011
69,EGY,Egypt,-0.3144267,3,2011
70,KWT,Kuwait,-0.3296963,-11,2011
71,GTM,Guatemala,-0.38877090000000003,9,2011
72,MKD,Macedonia,-0.39639070000000004,-5,2011
73,DOM,Dominican Republic,-0.39864340000000004,5,2011
74,NAM,Namibia,-0.4283598,2,2011
75,SYR,Syrian Arab Republic,-0.4481178,-5,2011
76,AUS,Australia,-0.4576989000000001,-1,2011
77,TTO,Trinidad and Tobago,-0.48069290000000003,-12,2011
78,KEN,Kenya,-0.5103458,-1,2011
79,CUB,Cuba,-0.5112183,4,2011
80,ALB,Albania,-0.5355524,6,2011
81,MAR,Morocco,-0.5570053,6,2011
82,LKA,Sri Lanka,-0.569121,10,2011
83,OMN,Oman,-0.5744696,-10,2011
84,KAZ,Kazakhstan,-0.5838458000000001,0,2011
85,BWA,Botswana,-0.5907465999999999,-4,2011
86,CMR,Cameroon,-0.6062773,13,2011
87,PER,Peru,-0.6389716999999999,4,2011
88,UGA,Uganda,-0.6477265,2,2011
89,PRY,Paraguay,-0.6495515000000001,0,2011
90,UZB,Uzbekistan,-0.7212248,-8,2011
91,GHA,Ghana,-0.7279081000000001,5,2011
92,IRN,Iran,-0.7386385,-7,2011
93,HND,Honduras,-0.7526536,2,2011
94,VEN,Venezuela,-0.7591258000000001,-23,2011
95,ECU,Ecuador,-0.7891600000000001,-1,2011
96,ZMB,Zambia,-0.7910149999999999,4,2011
97,SEN,Senegal,-0.7984918000000001,-9,2011
98,DZA,Algeria,-0.8566335999999999,9,2011
99,PAK,Pakistan,-0.8859763,-1,2011
100,NIC,Nicaragua,-0.9044396,9,2011
101,MDG,Madagascar,-0.9346871999999999,-8,2011
102,BOL,Bolivia,-0.9599653,-5,2011
103,ZWE,Zimbabwe,-0.987869,-2,2011
104,TZA,Tanzania,-1.027318,1,2011
105,MNG,Mongolia,-1.077824,9,2011
106,KHM,Cambodia,-1.0861020000000001,4,2011
107,YEM,Yemen,-1.1690770000000001,9,2011
108,PNG,Papua New Guinea,-1.2265700000000002,10,2011
109,BGD,Bangladesh,-1.235989,6,2011
110,CIV,Cote d'Ivoire,-1.262443,1,2011
111,GAB,Gabon,-1.269323,-9,2011
112,LAO,Lao PDR,-1.296467,0,2011
113,LBY,Libya,-1.344554,-10,2011
114,MWI,Malawi,-1.36285,3,2011
115,ETH,Ethiopia,-1.369728,-11,2011
116,TKM,Turkmenistan,-1.429594,-10,2011
117,MOZ,Mozambique,-1.461562,6,2011
118,AZE,Azerbaijan,-1.490689,-10,2011
119,COG,Congo,-1.490761,-6,2011
120,GIN,Guinea,-1.785259,1,2011
121,MRT,Mauritania,-1.884484,3,2011
122,AGO,Angola,-1.885816,-2,2011
123,SDN,Sudan,-1.95133,-4,2011
124,NGA,Nigeria,-2.015916,-2,2011
1,JPN,Japan,2.3600689999999998,0,2012
2,CHE,Switzerland,2.023576,0,2012
3,DEU,Germany,1.92598,0,2012
4,SWE,Sweden,1.8230119999999999,0,2012
5,KOR,"Korea, Rep.",1.7638740000000002,0,2012
6,CZE,Czech Republic,1.7601580000000001,1,2012
7,AUT,Austria,1.7058959999999999,-1,2012
8,FIN,Finland,1.6444330000000003,0,2012
9,GBR,United Kingdom,1.618347,0,2012
10,SGP,Singapore,1.536074,4,2012
11,USA,United States,1.5129540000000001,-1,2012
12,HUN,Hungary,1.502168,-1,2012
13,SVN,Slovenia,1.455654,-1,2012
14,FRA,France,1.402995,1,2012
15,ITA,Italy,1.366725,1,2012
16,SVK,Slovak Republic,1.341957,-3,2012
17,DNK,Denmark,1.2280360000000001,1,2012
18,IRL,Ireland,1.215881,-1,2012
19,ISR,Israel,1.175616,1,2012
20,BEL,Belgium,1.155932,-1,2012
21,BLR,Belarus,1.155065,1,2012
22,POL,Poland,1.081591,-1,2012
23,CHN,China,1.033301,1,2012
24,NLD,Netherlands,1.0290190000000001,-1,2012
25,MEX,Mexico,0.9812181999999999,1,2012
26,ESP,Spain,0.9770823000000001,-1,2012
27,ROU,Romania,0.8969953000000002,6,2012
28,THA,Thailand,0.8824421999999998,1,2012
29,MYS,Malaysia,0.8283529000000001,2,2012
30,HKG,Hong Kong,0.7958021,2,2012
31,HRV,Croatia,0.7922421,-4,2012
32,LTU,Lithuania,0.7891376999999999,-2,2012
33,EST,Estonia,0.7662392,-5,2012
34,PAN,Panama,0.7103826,2,2012
35,LVA,Latvia,0.6231166,-1,2012
36,CAN,Canada,0.6027412,-1,2012
37,PRT,Portugal,0.5869346,1,2012
38,SRB,Serbia,0.558213,2,2012
39,BGR,Bulgaria,0.5433047,2,2012
40,BIH,Bosnia and Herzegovina,0.5278741,-1,2012
41,UKR,Ukraine,0.5119254,1,2012
42,TUR,Turkey,0.41445959999999993,1,2012
43,NOR,Norway,0.37170949999999997,-6,2012
44,PHL,Philippines,0.28340479999999996,3,2012
45,GRC,Greece,0.2676103,1,2012
46,IND,India,0.247846,3,2012
47,RUS,Russia,0.2148248,-2,2012
48,TUN,Tunisia,0.18145139999999998,2,2012
49,JOR,Jordan,0.1801555,2,2012
50,LBN,Lebanon,0.15772120000000003,-6,2012
51,MDA,Moldova,0.1221713,7,2012
52,NZL,New Zealand,0.10304280000000002,-4,2012
53,CRI,Costa Rica,0.09950969999999999,1,2012
54,BRA,Brazil,0.077514,-1,2012
55,CUB,Cuba,0.0570877,24,2012
56,URY,Uruguay,-0.0091836,-4,2012
57,COL,Colombia,-0.0237954,-1,2012
58,SYR,Syrian Arab Republic,-0.0476434,17,2012
59,SLV,El Salvador,-0.08139600000000001,5,2012
60,ARG,Argentina,-0.0958447,3,2012
61,ZAF,South Africa,-0.1312109,1,2012
62,IDN,Indonesia,-0.14523350000000002,3,2012
63,MKD,Macedonia,-0.1839198,9,2012
64,CHL,Chile,-0.1862289,-5,2012
65,SAU,Saudi Arabia,-0.20509090000000002,-10,2012
66,EGY,Egypt,-0.20676109999999998,3,2012
67,GEO,Georgia,-0.2075217,-10,2012
68,ARE,United Arab Emirates,-0.2147186,-7,2012
69,MUS,Mauritius,-0.23374720000000002,-2,2012
70,VNM,Viet Nam,-0.2537673,-2,2012
71,QAT,Qatar,-0.3136241,-11,2012
72,GTM,Guatemala,-0.33376269999999997,-1,2012
73,JAM,Jamaica,-0.340785,-7,2012
74,NAM,Namibia,-0.359768,0,2012
75,TTO,Trinidad and Tobago,-0.37093200000000004,2,2012
76,DOM,Dominican Republic,-0.3761665,-3,2012
77,AUS,Australia,-0.41497690000000004,-1,2012
78,KEN,Kenya,-0.42524570000000006,0,2012
79,UGA,Uganda,-0.4349099,9,2012
80,OMN,Oman,-0.43560540000000003,3,2012
81,ALB,Albania,-0.4582529,-1,2012
82,SEN,Senegal,-0.5098717,15,2012
83,LKA,Sri Lanka,-0.5146693,-1,2012
84,UZB,Uzbekistan,-0.5261906,6,2012
85,BWA,Botswana,-0.5344123000000001,0,2012
86,ZMB,Zambia,-0.5424127,10,2012
87,MAR,Morocco,-0.5474581999999999,-6,2012
88,PRY,Paraguay,-0.6100800999999999,1,2012
89,PER,Peru,-0.6168914000000001,-2,2012
90,ECU,Ecuador,-0.6539378,5,2012
91,KAZ,Kazakhstan,-0.6917088,-7,2012
92,HND,Honduras,-0.7296706999999999,1,2012
93,KWT,Kuwait,-0.7441201,-23,2012
94,KHM,Cambodia,-0.7679036,12,2012
95,TZA,Tanzania,-0.7687556,9,2012
96,PAK,Pakistan,-0.7763401999999999,3,2012
97,NIC,Nicaragua,-0.8162875,3,2012
98,BOL,Bolivia,-0.8663726,4,2012
99,CMR,Cameroon,-0.9605493,-13,2012
100,ZWE,Zimbabwe,-0.9616548,3,2012
101,BGD,Bangladesh,-0.9824578000000002,8,2012
102,IRN,Iran,-1.08751,-10,2012
103,MDG,Madagascar,-1.101646,-2,2012
104,LAO,Lao PDR,-1.10689,8,2012
105,CIV,Cote d'Ivoire,-1.134752,5,2012
106,VEN,Venezuela,-1.135782,-12,2012
107,GHA,Ghana,-1.216626,-16,2012
108,ETH,Ethiopia,-1.228394,7,2012
109,MWI,Malawi,-1.258801,5,2012
110,MOZ,Mozambique,-1.379942,7,2012
111,YEM,Yemen,-1.39996,-4,2012
112,PNG,Papua New Guinea,-1.4374069999999999,-4,2012
113,GAB,Gabon,-1.437603,-2,2012
114,TKM,Turkmenistan,-1.449547,2,2012
115,MNG,Mongolia,-1.504533,-10,2012
116,AZE,Azerbaijan,-1.544848,2,2012
117,DZA,Algeria,-1.578677,-19,2012
118,AGO,Angola,-1.600781,4,2012
119,COG,Congo,-1.609434,0,2012
120,MRT,Mauritania,-1.675617,1,2012
121,SDN,Sudan,-1.7115080000000003,2,2012
122,NGA,Nigeria,-1.726335,2,2012
123,GIN,Guinea,-1.894195,-3,2012
124,LBY,Libya,-2.501909,-11,2012
