Countryname,ISO,WEO Country Code,Indicator,Units,Frequency,1962,1963,1964,1965,1966,1967,1968,1969,1970,1971,1972,1973,1974,1975,1976,1977,1978,1979,1980,1981,1982,1983,1984,1985,1986,1987,1988,1989,1990,1991,1992,1993,1994,1995,1996,1997,1998,1999,2000,2001,2002,2003,2004,2005,2006,2007,2008,2009,2010
Aruba,ABW,314,Export Diversification Index,Index,Annual,,,,,,,,,,,,,,,,,,,,,,,,,,,4.46553,3.61069,4.29891,4.47202,4.47675,4.663,4.84594,4.82289,4.89552,4.85471,4.7144,4.50028,3.84475,3.76662,3.60676,3.56463,3.78887,3.0062,3.31935,3.21901,3.33083,3.40958,3.3626
Andorra,ADO,171,Export Diversification Index,Index,Annual,3.92144,,5.74461,6.39672,5.03877,4.84502,6.43775,4.98429,3.39142,3.21808,3.20976,3.25228,3.16421,3.21693,3.08208,3.37676,3.3436,3.45133,3.33358,2.54133,4.64545,3.39499,3.13475,3.43934,3.68106,3.71181,3.31735,3.15457,3.40138,2.89611,2.74224,3.05214,2.84888,3.1187,2.95161,2.69856,2.49695,2.43775,2.2463,2.14892,2.4064,2.512,2.44361,2.82048,2.75341,2.48129,2.18742,2.00983,2.69638
Afghanistan,AFG,512,Export Diversification Index,Index,Annual,4.42382,4.52676,4.36189,4.36804,4.36527,3.81375,4.15372,3.96975,3.80037,3.87175,3.70373,3.67547,3.68695,3.46635,3.60263,3.78735,3.65339,3.65972,4.07593,3.58995,3.72547,3.9265,3.69577,3.7392,3.73552,3.8302,3.93293,4.153,4.0432,3.85836,3.71693,3.34523,4.2964,3.35569,3.06684,2.70932,2.93502,3.08448,3.31524,2.80837,2.8074,3.01583,3.0029,2.91196,3.07293,2.86369,2.73306,2.19426,2.72673
Angola,AGO,614,Export Diversification Index,Index,Annual,4.18931,4.28717,4.03057,4.21437,4.30843,4.33867,3.78199,3.88418,3.88447,3.90715,3.7885,3.78756,3.98863,4.34878,5.03118,5.08356,5.07062,5.42626,5.74937,5.82753,6.08565,6.01622,6.09154,6.17354,6.07049,6.00948,5.91586,5.9542,6.01479,6.176,6.04547,6.08298,6.03833,6.00202,6.04845,5.99078,5.88173,5.90334,6.09623,6.06904,6.11353,6.24371,6.33055,6.24541,6.29519,6.21156,6.31543,6.27794,6.33612
Anguilla,AIA,312,Export Diversification Index,Index,Annual,,,,,,,,,,,,,,,,,,,,4.19793,5.40188,5.22646,4.39654,6.02998,6.01763,4.08592,3.40853,3.14734,3.61678,2.94903,3.96564,4.36058,3.24766,3.74191,3.29474,2.7235,3.1463,3.56742,3.14012,2.94574,3.05381,3.51242,3.23746,3.79318,4.1235,3.57806,3.89167,3.17032,3.41844
Albania,ALB,914,Export Diversification Index,Index,Annual,4.33025,3.71264,3.70771,3.12281,2.64631,2.77458,2.89064,3.1628,2.95958,3.22662,2.95166,3.03739,3.19783,3.43187,3.37423,3.16422,3.00651,3.28244,2.6913,3.31153,3.44149,2.93694,3.05755,3.0471,3.21724,2.83498,2.98399,2.88086,2.58122,2.88529,2.66705,2.87717,3.04626,3.05466,3.11279,3.1342,3.37343,3.43729,3.18908,3.31032,3.25383,3.01797,3.16244,2.96642,2.92992,2.83355,1.98056,1.97971,2.90818
United Arab Emirates,ARE,466,Export Diversification Index,Index,Annual,6.43775,6.01109,,6.43775,,4.93623,3.41559,3.37959,5.51921,5.51538,6.22119,6.13101,6.29808,6.18075,6.15011,6.08568,6.16036,6.09108,5.80739,5.73292,5.54377,5.47749,5.31528,5.32277,5.05643,4.99999,4.80194,4.83046,5.01994,4.98102,4.82597,4.52973,4.48474,4.23952,4.35533,4.17526,3.69926,3.6098,4.01846,3.75888,3.55433,3.76463,3.63932,3.67891,4.3772,3.85491,4.16106,4.05051,3.57228
Argentina,ARG,213,Export Diversification Index,Index,Annual,3.12299,2.94726,3.08286,3.27136,3.11054,2.93179,2.70376,2.81945,2.77832,2.78713,2.67228,2.56368,2.44496,2.47133,2.29152,2.27164,2.17642,2.41914,2.3406,2.55389,2.36727,2.70681,2.64496,2.56589,2.36157,2.19594,2.16153,1.94721,1.9487,2.10543,2.20776,2.14971,2.15756,2.03426,2.17562,2.22637,2.16158,2.11523,2.25811,2.28845,2.29896,2.3957,2.3432,2.28059,2.22401,2.36737,2.46035,2.34489,2.37953
Armenia,ARM,911,Export Diversification Index,Index,Annual,,,,,,,,,,,,,,,,,,,,,,,,,,,,,,,3.7021,4.5296,5.41693,4.47637,3.47055,3.0104,3.15064,3.60261,3.30794,3.04248,3.67626,3.92172,3.56286,3.92264,3.45268,2.96681,3.17148,3.22224,3.17978
Antigua and Barbuda,ATG,311,Export Diversification Index,Index,Annual,,,,5.7446,,,6.43775,,5.27571,4.19013,4.55783,5.10082,4.23127,4.87598,3.94373,3.62957,3.53085,3.71905,3.90995,3.07208,3.81741,3.79019,4.15496,3.87835,3.65233,3.38837,3.24399,3.71537,3.19207,3.31278,2.95992,3.65024,3.81268,3.72309,4.25482,4.36325,3.20959,3.62475,4.7344,5.62291,5.46233,5.46935,5.1587,5.71749,5.8624,4.83217,3.69155,2.42773,2.38098
Australia,AUS,193,Export Diversification Index,Index,Annual,3.46554,3.11055,3.03192,2.91562,2.70028,2.71316,2.57979,2.5635,2.45059,2.37549,2.40227,2.50414,2.42515,2.44832,2.53281,2.48325,2.40676,2.39372,2.3858,2.37842,2.42607,2.39352,2.46071,2.51942,2.44594,2.32224,2.31344,2.29898,2.22925,2.21356,2.1845,2.12385,2.02054,1.997,1.92217,1.9786,1.98948,1.91646,2.03648,2.06409,2.06693,2.06956,2.16872,2.40185,2.42485,2.45381,2.84586,2.85654,2.99216
Austria,AUT,122,Export Diversification Index,Index,Annual,1.68478,1.55486,1.45636,1.42906,1.40073,1.36693,1.33071,1.37917,1.34678,1.32515,1.3318,1.35685,1.35754,1.30654,1.30322,1.34934,1.32327,1.29149,1.28989,1.28562,1.2627,1.28214,1.27529,1.26754,1.33327,1.36351,1.38833,1.37832,1.40696,1.37785,1.36915,1.36332,1.38783,1.42504,1.44535,1.45978,1.44266,1.49885,1.57769,1.51446,1.5272,1.58194,1.56922,1.48973,1.54867,1.59933,1.51474,1.56419,1.55012
Azerbaijan,AZE,912,Export Diversification Index,Index,Annual,,,,,,,,,,,,,,,,,,,,,,,,,,,,,,,4.36268,4.01404,3.77541,3.54188,2.22506,2.54553,2.42213,3.92554,4.45688,5.11531,5.29673,5.07089,4.78838,4.97786,5.61222,5.67802,5.83734,5.83786,5.85302
Burundi,BDI,618,Export Diversification Index,Index,Annual,5.21719,5.1294,5.69791,4.73054,5.70422,5.37138,5.23787,5.31338,5.49166,5.3313,5.45005,4.91897,4.89011,4.81781,5.31223,5.44275,5.02595,5.07886,5.37882,5.08943,5.21052,5.37346,5.67116,5.6924,5.91696,5.49752,5.65573,5.60095,5.09177,5.27494,5.10238,4.61318,4.80901,5.56777,4.67686,5.49831,5.54141,5.46457,5.2572,4.36921,4.02065,5.09794,4.45878,5.45067,3.44557,4.11736,3.84293,4.63167,4.02759
Belgium,BEL,124,Export Diversification Index,Index,Annual,1.2136,1.16417,1.20159,1.22241,1.2354,1.21917,1.26258,1.27754,1.26498,1.31046,1.27756,1.31533,1.27558,1.23016,1.28643,1.32011,1.36473,1.35389,1.33069,1.33847,1.3544,1.36781,1.32598,1.30934,1.37706,1.43733,1.45343,1.43564,1.44662,1.45056,1.44736,1.56232,1.55226,1.5269,1.54892,1.55703,1.5155,,,,,,,,,,,,
Benin,BEN,638,Export Diversification Index,Index,Annual,4.41923,4.49102,4.41132,2.96968,3.68456,3.51091,3.49184,3.46705,3.7099,3.84985,3.87151,4.07956,3.56507,3.60754,3.55868,3.31708,3.56736,3.75099,3.8197,3.27885,3.69418,3.20919,4.31579,4.56778,4.40748,4.30223,3.48559,4.77078,4.34307,4.75433,4.47102,4.59612,4.74378,4.85597,4.89815,5.26484,5.02866,4.67981,4.3818,4.94209,4.20389,4.3356,4.3623,3.83055,3.6351,3.87186,4.01912,3.9583,3.78333
Burkina Faso,BFA,748,Export Diversification Index,Index,Annual,4.658,4.56544,4.53505,4.07967,4.1074,4.2537,4.25582,4.4996,4.65284,4.36184,4.10537,4.03077,4.02109,3.74563,4.34455,4.42024,4.18451,4.32525,4.0912,4.52744,4.39673,4.36934,4.53799,4.0485,4.00607,4.32944,4.649,4.86284,4.88999,5.48975,5.48428,5.28771,4.86482,4.62896,4.6206,5.20403,4.73298,4.83285,3.50239,3.32783,3.00148,4.46129,4.54345,5.08599,5.04548,4.9216,4.78068,4.53537,4.00053
Bangladesh,BGD,513,Export Diversification Index,Index,Annual,,,,,,,,,,,5.11279,4.66071,4.66763,4.42123,4.26718,4.3007,4.12207,4.22339,4.1607,4.05897,3.88465,3.92286,3.92142,3.89889,3.93276,3.8954,3.85306,3.91352,3.99015,4.12006,4.1426,4.18175,4.22538,4.24689,4.23152,4.36789,4.45042,4.50685,4.53672,4.56186,4.57295,4.62018,4.63227,4.64211,4.68034,4.65589,4.72344,4.82164,4.81238
Bulgaria,BGR,918,Export Diversification Index,Index,Annual,2.5695,2.59915,2.38061,2.36933,2.32194,2.33912,2.11669,2.0685,1.97803,2.02713,1.98843,1.9633,2.04707,2.1011,1.848,1.88621,1.85644,2.02066,2.21499,2.31335,2.04681,1.99164,1.97673,1.92427,1.81734,1.81772,1.78232,1.71714,1.73557,1.89095,1.70233,1.76703,1.78092,1.84594,1.70236,1.79233,1.88336,1.90889,2.05353,2.06918,1.97097,1.98262,1.93977,1.89789,1.98073,1.84335,1.84694,1.87782,1.85016
Bahrain,BHR,419,Export Diversification Index,Index,Annual,4.97085,4.92501,4.86003,4.67761,4.7071,4.78602,4.18161,3.98091,4.2511,4.34385,4.06593,3.82795,4.20939,3.87145,3.63916,3.7745,4.16614,4.32213,4.38944,4.39721,3.97525,3.92462,3.96843,3.69432,3.58339,3.51375,3.36113,3.27098,3.32514,3.43112,2.97718,3.12012,3.11858,3.28861,3.09192,3.2286,3.11582,3.01183,3.02761,3.01516,3.22443,3.34211,3.38631,3.26619,3.54006,3.31096,3.04706,2.98642,3.03068
"Bahamas, The",BHS,313,Export Diversification Index,Index,Annual,4.48839,4.38018,4.27543,4.15476,3.9558,4.1556,3.6209,3.96565,3.54735,3.99107,3.90983,3.9007,4.57354,4.71403,4.37471,4.56967,4.26596,4.38545,4.30079,4.22219,4.45445,4.41367,3.99539,4.0401,3.88875,3.68849,3.90521,4.21065,4.1229,3.94827,3.90417,3.86404,3.37093,3.53061,3.49243,3.76951,3.07902,3.52576,3.6601,3.81401,3.93935,3.67661,4.20203,4.64149,4.52099,4.15614,3.82632,3.72496,4.11999
Bosnia and Herzegovina,BIH,963,Export Diversification Index,Index,Annual,,,,,,,,,,,,,,,,,,,,,,,,,,,,,,,2.22949,2.22722,2.57638,2.66985,2.1469,2.52317,2.64596,2.50728,2.67775,2.63568,2.58145,2.53931,2.39823,2.31013,2.30406,2.18319,2.06183,1.975,2.00819
Belarus,BLR,913,Export Diversification Index,Index,Annual,,,,,,,,,,,,,,,,,,,,,,,,,,,,,,,2.48577,2.35425,2.26381,2.23104,4.1135,4.11554,4.6127,4.35417,4.38659,4.46041,4.34317,4.25931,4.29497,3.90991,2.33494,3.9701,4.02887,2.47599,2.44873
Belize,BLZ,339,Export Diversification Index,Index,Annual,6.02042,6.2786,5.49745,,6.43775,5.86805,5.89199,4.52109,4.00356,3.8676,3.86957,3.64388,4.08429,4.40541,3.94868,3.80177,3.81347,3.2752,3.97402,3.83306,3.95398,3.98323,4.0524,3.71959,3.85236,4.03645,4.07886,3.6225,3.91982,3.9275,3.78169,3.52285,3.91069,3.95546,3.83579,3.9963,3.75438,3.56616,3.78159,3.49284,3.49245,3.65082,3.57148,3.57724,3.46971,3.45518,2.27425,2.53453,3.82816
Bermuda,BMU,319,Export Diversification Index,Index,Annual,4.45879,3.56246,4.35767,3.78197,4.20238,4.28739,4.42166,4.36771,4.28898,4.07757,3.94791,4.14631,3.48232,3.31796,3.36556,3.7184,3.58442,3.65442,3.94637,3.47838,3.53119,3.57087,3.00655,4.79377,3.81126,6.0022,5.9531,5.72768,5.85421,5.67939,5.52353,4.11689,4.08302,4.46599,5.03007,4.9486,4.33052,3.86641,4.12116,4.44018,3.85647,5.42221,4.59742,5.40951,4.86382,4.51771,5.66182,4.60526,5.78467
Bolivia,BOL,218,Export Diversification Index,Index,Annual,5.08781,4.99902,4.91939,4.85288,4.94673,4.63758,4.7204,4.78598,4.71665,4.07059,3.87091,3.83811,3.98763,3.77724,3.55135,3.77039,3.63637,3.54562,3.62546,3.79018,4.23096,4.21405,4.52051,4.7814,4.43111,4.32969,3.81709,3.59659,3.40809,3.49516,3.24119,3.05748,3.0056,2.99069,2.9942,2.92979,2.80434,2.88261,2.92527,3.12459,3.35728,3.45793,3.47538,3.60293,3.78162,3.79241,3.87694,3.6003,3.61126
Brazil,BRA,223,Export Diversification Index,Index,Annual,4.11525,4.03921,4.02741,3.56388,3.57551,3.48833,3.4986,3.25629,3.18932,3.06439,2.91631,2.78935,2.56685,2.6716,2.73585,2.73322,2.43213,2.24292,2.2404,2.17762,2.12934,2.12919,2.06623,2.07852,2.01315,2.00603,1.93135,1.96451,1.93444,1.8703,1.82162,1.80272,1.83308,1.8555,1.84185,1.91191,1.8942,1.85909,1.88193,1.91449,1.91809,1.90937,1.90247,1.93807,1.99197,2.03985,2.24823,2.29011,2.45355
Barbados,BRB,316,Export Diversification Index,Index,Annual,5.48771,5.85476,5.46383,4.92349,5.18592,4.09856,3.6805,3.27148,3.19033,3.05046,3.53087,2.96316,2.73259,3.01484,2.61527,2.54555,2.60078,2.49619,2.53273,2.59182,2.66022,3.08472,3.34433,3.31717,2.9415,2.61681,2.45747,2.37513,2.54211,2.61021,2.45328,2.41248,2.40827,2.30979,2.48264,2.39988,2.1853,2.35833,2.69757,2.32895,2.64051,2.46086,2.48762,2.39919,2.1918,2.12013,1.94324,2.50771,2.52047
Central African Republic,CAF,626,Export Diversification Index,Index,Annual,4.66584,4.61768,4.73147,4.61363,4.79081,4.62914,4.75651,4.36657,4.44401,4.50855,4.34875,4.16569,4.29415,4.33467,4.4131,4.46829,4.54208,4.63113,4.5357,4.52018,4.56721,4.23191,4.59405,4.5613,4.58677,4.68925,4.73847,4.65364,4.76202,4.82665,5.22071,5.10383,4.74129,4.80262,4.75694,4.73962,5.01257,5.08291,5.19805,4.90642,5.11393,4.7391,4.85022,4.55645,4.46285,4.35734,4.31216,4.63676,4.51374
Canada,CAN,156,Export Diversification Index,Index,Annual,2.48779,2.33527,2.30373,2.19068,2.22409,2.19923,2.25571,2.28327,2.19012,2.26223,2.26991,2.20809,2.28244,2.30348,2.25868,2.21281,2.09536,1.94982,1.92122,1.91262,2.04536,2.10828,2.10729,2.17998,2.11877,2.02008,2.02511,1.94293,1.97327,1.97678,1.96491,2.00972,2.01357,1.95495,1.90547,1.89374,1.89425,1.99521,2.04347,2.03556,2.0353,2.0622,2.03242,2.05804,2.03415,2.01621,2.09638,1.97695,2.06557
Switzerland,CHE,146,Export Diversification Index,Index,Annual,1.83391,1.84211,1.83313,1.8095,1.82759,1.81933,1.78962,1.76534,1.72768,1.72707,1.73139,1.73037,1.71027,1.68526,1.71444,1.74806,1.68562,1.6483,1.67326,1.65857,1.63925,1.60111,1.58998,1.5931,1.63423,1.65031,1.66561,1.70544,1.73421,1.70086,1.70114,1.73814,1.76862,1.76635,1.84398,1.84534,1.84904,1.88948,1.89351,1.88783,1.91281,1.91723,1.9316,1.97852,2.01711,2.01225,2.03803,2.17054,2.22597
Chile,CHL,228,Export Diversification Index,Index,Annual,4.5871,4.51078,4.5389,4.45449,4.60507,4.76819,4.77298,4.82435,4.74383,4.38297,4.55973,4.71415,4.61166,3.89714,3.84538,3.70536,3.65722,3.71328,3.6849,3.60421,3.66277,3.62191,3.58467,3.5102,3.39053,3.35402,3.50922,3.54482,3.38592,3.28003,3.09115,2.99564,2.93112,3.15895,3.00027,3.10995,2.99129,2.97572,3.15051,3.01118,3.05105,3.09507,3.35737,3.34242,3.72907,3.73424,3.53489,3.43467,3.68807
China,CHN,924,Export Diversification Index,Index,Annual,2.14433,2.12602,2.06368,1.8421,1.79109,1.78346,1.77275,1.72686,1.75012,1.69724,1.67545,1.74652,1.8368,1.91706,1.67729,1.74351,1.74737,1.7248,1.8139,1.78283,1.88539,1.87394,1.96885,2.10084,1.90977,1.82832,1.74162,1.81262,1.90686,1.98057,2.0536,2.09128,2.01736,1.9493,1.99446,1.98775,2.01956,2.03003,2.0154,2.01442,2.0331,2.06415,2.06894,2.07232,2.05403,1.90052,1.85589,1.98155,1.96632
Cote d'Ivoire,CIV,662,Export Diversification Index,Index,Annual,4.30905,4.28779,4.47779,4.14431,4.1535,4.18415,4.24693,4.23865,4.15484,4.06467,3.95431,4.05907,3.86572,3.72907,4.04521,4.19243,4.11883,4.00178,3.85003,3.68504,3.53291,3.50184,3.92289,3.64693,4.02096,3.69986,3.67964,3.43273,3.47215,3.70132,3.72743,3.74727,3.83203,3.4511,3.56325,3.48447,3.73941,3.69801,3.51004,3.53252,3.6463,3.92133,3.70123,3.73467,3.74514,3.75528,3.75892,3.85042,3.85375
Cameroon,CMR,622,Export Diversification Index,Index,Annual,4.0759,4.04179,4.0379,3.95853,4.09649,4.16178,4.16249,4.00492,4.09398,4.01524,3.81436,3.84617,3.84932,3.94555,4.02623,4.11861,4.22179,4.0522,4.22728,4.47983,4.44339,4.49288,4.74799,4.82208,4.1117,4.09706,4.21725,3.89262,3.99227,4.34297,4.37376,4.24594,4.08941,3.77793,3.82307,3.89976,3.94176,3.98467,4.24299,4.16116,4.0193,4.09103,4.28026,4.2177,4.54861,4.23107,4.36236,4.03071,4.09285
"Congo, Democratic Republic of the",COD,636,Export Diversification Index,Index,Annual,3.62202,3.61424,3.63822,3.5989,3.75998,3.82343,3.84825,3.85324,3.96449,3.84829,3.89449,4.03972,4.18416,4.26521,4.2195,4.17409,4.27556,4.30376,4.40784,4.35858,4.32738,4.27858,4.1579,4.28226,4.44179,4.41785,4.31627,4.25716,4.48502,4.44928,4.28672,4.39579,4.60418,4.66946,4.59099,4.74061,4.94129,5.22656,4.92899,4.88003,5.26797,4.69717,4.48319,4.31038,4.13585,4.08838,4.23346,4.18375,4.3383
"Congo, Rep.",COG,634,Export Diversification Index,Index,Annual,4.13214,4.24935,4.34527,4.32948,4.30236,3.74822,3.98678,3.9165,3.92432,3.90866,3.7319,4.0235,4.6095,5.03978,4.85495,4.63118,4.76902,5.0657,5.24628,5.52952,5.68927,5.32631,5.60179,5.59652,5.24148,5.29973,5.21763,5.26452,5.22657,5.25067,5.28205,5.16218,5.06992,5.17722,5.32717,5.35637,5.16914,5.35588,5.71307,5.71741,5.65399,5.58198,5.66695,5.79402,5.92966,5.65189,5.72189,5.8245,5.77263
Colombia,COL,233,Export Diversification Index,Index,Annual,5.30568,5.24975,5.1808,4.88138,4.72136,4.60314,4.51871,4.26983,4.45144,4.29456,4.01992,3.90279,3.7457,3.633,3.99356,4.36139,4.46197,4.44555,4.34412,3.82516,4.0611,4.07884,4.05667,4.05638,4.33252,3.92428,3.69361,3.6219,3.51302,3.25619,3.12166,3.10766,3.1312,3.12683,3.07479,3.11083,3.0386,3.12641,3.05277,2.79431,2.79239,2.75798,2.74153,2.77152,2.76277,2.82348,2.94628,2.95459,3.40015
Comoros,COM,632,Export Diversification Index,Index,Annual,5.25297,5.38303,4.33326,4.73541,4.76736,4.69463,4.35306,4.38978,2.11853,4.23439,4.39347,4.23874,4.35334,4.31804,4.58776,3.82274,3.62024,4.57417,4.22383,4.58638,5.158,5.37594,4.73273,5.10184,4.67873,4.12379,4.64767,4.93598,4.63673,4.90011,5.0076,5.11166,4.50945,4.4782,4.238,4.11041,4.23258,3.67364,5.02687,5.78763,5.42174,5.64912,5.18962,4.26238,4.17477,4.2368,4.26635,4.14533,4.16727
Cape Verde,CPV,624,Export Diversification Index,Index,Annual,4.88371,,,,,,5.81175,4.34325,3.41701,3.91581,3.77749,3.81551,3.30001,3.60946,4.10877,4.26762,3.93971,4.28321,4.23707,4.78579,4.64941,4.66537,4.24608,4.25922,4.85731,4.48251,4.16381,4.52045,4.75559,4.34046,3.97275,4.15964,3.42964,4.18772,4.33096,3.15822,3.41838,3.91907,3.27502,3.56496,3.97067,3.64699,3.65763,4.14542,3.77398,3.62647,4.26676,4.04185,4.22464
Costa Rica,CRI,238,Export Diversification Index,Index,Annual,5.06913,4.71614,4.55548,4.2267,3.97568,3.95244,3.95563,4.00826,4.11638,4.01554,4.14364,3.99848,3.7616,3.80623,3.76316,3.95049,3.81375,3.82462,3.53537,3.5117,3.46764,3.44512,3.37403,3.48203,3.56457,3.50673,3.37459,3.22897,3.21272,3.17605,3.0917,2.98164,3.06506,3.00196,2.89941,2.78126,2.74444,3.12167,2.96818,2.75251,2.94123,3.46404,3.51824,3.35767,3.46586,3.36628,3.35403,3.7803,4.00759
Cuba,CUB,928,Export Diversification Index,Index,Annual,4.84557,5.18852,5.14114,4.89102,4.66802,4.48922,4.2209,4.43198,4.67139,4.7974,4.77732,4.69598,5.29306,5.7316,5.64585,5.56454,5.65775,5.6299,5.52764,4.60904,3.98689,3.61613,3.31857,3.28731,3.34665,3.64476,3.84066,4.03835,4.14342,4.04924,4.39499,4.06628,4.12915,4.19012,4.60419,4.57298,4.26509,3.75791,3.91333,4.03907,3.92079,3.59241,3.94956,4.26354,4.2981,4.37135,4.13312,3.83181,3.93098
Cayman Is.,CYM,377,Export Diversification Index,Index,Annual,,,,,,6.43775,,,3.22635,5.41165,4.13746,4.53443,3.34011,2.89574,3.06528,4.00244,3.47455,3.8045,4.15841,3.28727,4.88911,4.15015,4.62009,4.30754,4.39834,4.70107,4.20346,3.88451,4.42318,4.30748,4.56399,4.13862,4.34733,3.31055,4.39594,4.22872,4.80484,5.38075,5.59914,5.23052,5.44878,6.0055,5.74562,5.90592,6.18799,4.82208,5.35678,4.96017,6.01966
Cyprus,CYP,423,Export Diversification Index,Index,Annual,4.12245,3.68935,3.7017,3.67323,3.74803,3.61151,3.54857,3.45727,3.41622,3.32553,3.20319,3.3058,3.07793,2.82454,2.87572,2.83088,2.83166,2.61648,2.46903,2.44122,2.35659,2.29611,2.31336,2.4573,2.42676,2.63565,2.57262,3.22787,2.60122,2.714,2.39568,2.46457,2.33932,2.63563,2.62381,1.93928,2.04731,2.21796,2.16944,2.12783,2.34708,2.4476,2.11608,2.03436,3.27003,2.11094,2.02609,1.9307,1.98688
Czech Republic,CZE,935,Export Diversification Index,Index,Annual,,,,,,,,,,,,,,,,,,,,,,,,,,,,,,,,1.14215,1.16856,1.17354,1.22529,1.29227,1.41081,1.48521,1.5651,1.59642,1.65607,1.64929,1.6812,1.74448,1.79009,1.83577,1.82002,1.89205,1.90687
Germany,DEU,134,Export Diversification Index,Index,Annual,1.32501,1.29006,1.26159,1.25685,1.26529,1.228,1.24943,1.24531,1.2677,1.29789,1.30226,1.27254,1.19497,1.23243,1.24499,1.24661,1.27975,1.27272,1.23651,1.25018,1.2956,1.30383,1.28932,1.33939,1.3995,1.43679,1.41969,1.41691,1.42841,1.38574,1.44378,1.42107,1.41904,1.43419,1.47935,1.49114,1.54613,1.5967,1.61656,1.64013,1.67346,1.68633,1.67862,1.66902,1.65732,1.66255,1.62247,1.60647,1.62665
Djibouti,DJI,611,Export Diversification Index,Index,Annual,4.84716,3.84048,3.86517,3.24091,3.86246,4.80059,3.77668,5.34187,3.05002,3.39494,3.15332,3.54684,3.3311,3.1327,3.47083,3.34292,2.75745,3.03905,3.36588,2.77769,3.09253,3.691,3.21629,3.44108,2.49584,2.76185,2.48088,2.79162,2.4631,2.0505,2.27414,2.01413,2.22653,1.9593,2.37446,2.50429,2.30965,2.10689,2.15999,1.79339,2.07121,2.69132,2.38384,2.29417,2.63942,4.68644,4.09557,3.67582,4.01945
Dominica,DMA,321,Export Diversification Index,Index,Annual,6.43775,,6.43775,5.1074,6.43775,6.43775,,,5.77079,5.64356,5.68199,5.58882,5.12668,5.25067,5.39047,5.2763,5.23541,5.14676,3.61513,4.70378,4.46208,4.67296,4.57082,4.68243,5.09931,5.13639,4.70279,4.57979,4.34858,4.41678,4.06312,3.99787,3.88457,3.54328,3.45611,3.15081,3.27014,3.07766,2.96061,2.78052,3.16433,3.07304,2.83717,2.91324,2.85636,2.79109,2.96348,3.36074,3.02879
Denmark,DNK,128,Export Diversification Index,Index,Annual,2.02787,1.96538,1.9093,1.85742,1.84907,1.79777,1.70199,1.63922,1.60997,1.59863,1.57334,1.59307,1.48836,1.50398,1.46458,1.47419,1.55159,1.49014,1.48266,1.50979,1.49893,1.50991,1.49375,1.48485,1.49389,1.49991,1.48112,1.48805,1.51699,1.53287,1.54669,1.61799,1.63647,1.59709,1.6183,1.53864,1.51659,1.5947,1.71101,1.69407,1.72057,1.72103,1.69786,1.74785,1.76141,1.72098,1.75998,1.81023,1.78672
Dominican Republic,DOM,243,Export Diversification Index,Index,Annual,4.57987,4.45936,4.30335,4.43096,4.67959,4.67748,4.59903,4.56993,4.33447,4.34124,3.96761,4.01885,4.1494,4.50592,3.82898,3.8517,3.44937,3.44353,3.42833,3.43311,3.22353,3.14794,3.16347,3.01516,3.02474,3.02993,3.06161,3.13798,3.1364,3.22187,3.26528,3.27841,3.23608,3.17955,3.1815,3.30708,3.37592,3.41035,3.38958,3.23959,3.09521,3.01278,2.95,2.76742,2.6887,2.68047,2.48902,2.49162,2.41249
Algeria,DZA,612,Export Diversification Index,Index,Annual,4.39061,4.44245,4.59394,4.57326,4.75361,5.08808,5.00467,4.97024,5.03644,5.17824,5.60593,5.22041,5.69385,5.66842,5.66749,5.82942,5.81512,5.67045,5.55809,5.35772,4.98956,4.99034,4.87846,4.92542,4.85384,4.78374,4.44421,4.43671,4.48564,4.6943,4.61635,4.66745,4.66818,4.63519,4.72654,4.64775,4.66142,4.82853,5.373,5.35459,5.42912,5.46159,5.58582,5.54816,5.57444,5.59202,5.54529,5.40197,5.37981
Ecuador,ECU,248,Export Diversification Index,Index,Annual,4.8441,4.9939,4.9723,4.94151,4.93129,4.90475,4.86597,4.83813,4.86747,4.62833,4.42328,4.43574,4.76011,4.614,4.55702,4.40694,4.13601,4.03108,4.04341,4.35047,4.47081,4.89809,4.6377,4.62042,4.40266,4.21357,4.28034,4.31822,4.32899,4.47542,4.41699,4.12827,4.02747,4.00233,3.83821,3.91297,3.7768,3.75091,3.96613,3.86148,3.94556,3.98112,4.37053,4.24334,4.28051,4.13116,4.3859,4.00168,4.12231
"Egypt, Arab Rep.",EGY,469,Export Diversification Index,Index,Annual,4.21819,3.94301,3.8985,4.29865,4.20629,4.08798,3.78977,3.75393,3.91625,3.96416,3.73706,3.72454,3.9443,3.6531,3.72437,3.77175,4.08404,4.58537,4.92623,4.94771,4.91696,4.7084,4.77122,5.02205,4.38032,4.33716,4.02978,4.06694,3.93919,3.51053,3.59759,3.47794,3.28019,3.19219,3.46183,3.10255,2.80755,2.96033,2.73795,2.33011,2.29299,2.12635,2.1646,2.21875,2.62348,2.48474,2.61295,2.4404,2.31788
Eritrea,ERI,643,Export Diversification Index,Index,Annual,,,,,,,,,,,,,,,,,,,,,,,,,,,,,,,,5.16296,4.10322,3.72391,3.4418,3.26999,3.04096,3.07158,2.98649,3.18541,3.05682,2.89521,2.8335,3.42896,2.72151,4.72148,3.10991,3.08995,3.064
Spain,ESP,184,Export Diversification Index,Index,Annual,2.40072,2.15209,2.10624,2.01339,2.07416,1.89384,1.76755,1.64066,1.59181,1.58569,1.55594,1.52463,1.39628,1.41861,1.40032,1.42506,1.41979,1.40352,1.38318,1.3411,1.40265,1.51233,1.55425,1.56377,1.53281,1.50522,1.47027,1.49403,1.5637,1.69667,1.70177,1.6257,1.6929,1.71136,1.6759,1.63883,1.64231,1.67114,1.68866,1.64593,1.67478,1.70889,1.741,1.70269,1.67603,1.69859,1.64557,1.68851,1.61286
Estonia,EST,939,Export Diversification Index,Index,Annual,,,,,,,,,,,,,,,,,,,,,,,,,,,,,,,2.68581,2.30664,2.01544,1.80032,1.91232,1.99152,1.97599,2.08667,2.69844,2.2868,2.14607,2.14967,1.99593,2.07487,1.96391,1.71717,1.70484,1.70696,1.75852
Ethiopia(excludes Eritrea),ETH,644,Export Diversification Index,Index,Annual,,,,,,,,,,,,,,,,,,,,,,,,,,,,,,,,4.27215,4.71987,4.53644,4.56953,4.66098,4.78128,4.45611,4.29817,3.88556,3.8818,3.9633,3.99097,4.09748,3.87871,3.88653,3.84237,3.87422,3.92969
Finland,FIN,172,Export Diversification Index,Index,Annual,3.08312,3.19489,2.96393,2.86012,2.78573,2.69683,2.64035,2.53447,2.43667,2.41073,2.29937,2.32662,2.36343,2.22946,2.19477,2.15592,2.19406,2.17726,2.11369,2.02177,2.03172,2.09303,2.12307,2.0926,2.08865,2.11781,2.07718,2.07712,2.06743,2.07304,2.06348,2.0118,1.9978,2.11107,2.07727,2.07109,2.2651,2.35966,2.51458,2.50302,2.43906,2.30759,2.2631,2.43531,2.3511,2.1145,2.09203,2.02939,1.94043
Fiji,FJI,819,Export Diversification Index,Index,Annual,5.41407,5.74897,5.49671,5.55161,5.34961,4.66301,4.52504,4.58933,3.92027,3.99151,4.02636,3.85265,3.92258,4.90109,4.14997,4.37272,3.94809,3.95874,4.06381,4.13864,3.95667,3.97348,3.69823,3.55181,3.55911,3.45826,3.42661,3.56135,3.43704,3.39279,3.36138,3.47187,3.43031,3.65283,3.53728,3.51533,3.40173,3.54205,3.44717,3.36095,3.26709,3.24029,3.22452,3.05,3.03513,2.89818,2.92768,2.91682,2.93318
France,FRA,132,Export Diversification Index,Index,Annual,1.00641,0.990164,0.965225,0.960971,0.979439,0.96928,1.01883,1.06945,1.08043,1.11012,1.13973,1.10788,1.04585,1.08449,1.11697,1.13004,1.1401,1.1486,1.13795,1.14655,1.18317,1.1713,1.15787,1.15412,1.17085,1.20869,1.25003,1.29028,1.28583,1.34521,1.35085,1.36582,1.33619,1.34257,1.37679,1.42379,1.47087,1.51738,1.5817,1.58064,1.56869,1.59726,1.60226,1.56921,1.57884,1.56736,1.54999,1.59844,1.56885
Faeroe Is.,FRO,816,Export Diversification Index,Index,Annual,5.28392,,6.43775,5.20895,5.14967,5.22519,4.72833,,4.39732,5.10974,4.90738,4.10596,4.89811,4.72837,4.6949,4.55597,4.62718,4.67059,4.77189,4.76741,4.91161,4.82093,4.87293,4.88511,5.00027,4.92369,4.69303,4.76934,5.13981,5.21075,5.13231,5.19716,5.076,5.00027,5.0074,5.15046,5.09078,5.07122,4.99524,4.93005,4.82438,4.80033,4.87668,5.03596,4.677,4.74226,4.69649,5.24329,5.35341
Gabon,GAB,646,Export Diversification Index,Index,Annual,5.05108,4.8255,4.70671,4.70716,4.72802,4.7661,4.5959,4.65352,4.58746,4.60394,4.60088,4.66077,5.24188,5.25748,5.10737,5.11735,4.93952,4.99469,5.20858,4.98372,5.34317,5.3311,5.57015,5.54674,5.10798,5.07302,4.93448,5.1901,5.51886,5.60808,5.51701,5.60463,5.50815,5.47132,5.54278,5.5738,5.34768,5.29836,5.62185,5.51876,5.46133,5.51722,5.38039,5.4669,5.35913,5.38262,5.33064,5.13825,5.52794
United Kingdom,GBR,112,Export Diversification Index,Index,Annual,1.34324,1.2268,1.18284,1.19562,1.21743,1.18518,1.20732,1.20676,1.18134,1.2084,1.19711,1.17513,1.11974,1.1377,1.16939,1.1997,1.22534,1.30671,1.39531,1.58267,1.63498,1.66539,1.74011,1.73208,1.46672,1.44306,1.37298,1.37364,1.40352,1.42216,1.43422,1.51595,1.48873,1.5049,1.5531,1.56191,1.57859,1.67848,1.7875,1.75329,1.75376,1.74543,1.7421,1.7467,1.74773,1.74879,1.76538,1.7657,1.74434
Georgia,GEO,915,Export Diversification Index,Index,Annual,,,,,,,,,,,,,,,,,,,,,,,,,,,,,,,3.59398,3.28165,3.3465,3.39216,2.29912,2.46788,2.46445,2.52749,2.70287,2.77896,2.73242,2.92564,3.0976,2.86924,3.10432,2.84173,3.0638,2.89309,2.99942
Ghana,GHA,652,Export Diversification Index,Index,Annual,5.23955,5.05671,4.87476,4.81636,4.70064,4.64277,4.60499,4.64693,4.87397,4.60312,4.62666,4.5657,4.66578,4.70067,4.64227,4.80519,4.91868,4.94263,4.76187,4.45264,4.73907,4.66842,4.82817,4.63377,4.47849,4.40798,4.25056,4.14146,4.10386,4.15078,4.07009,4.05173,3.95484,3.88309,3.91965,3.86069,3.78122,3.6822,3.6538,3.63714,3.70792,3.79535,3.91222,3.7783,3.74293,3.89334,4.0308,4.08499,4.12543
Gibraltar,GIB,823,Export Diversification Index,Index,Annual,5.01947,4.26711,5.68827,4.61838,4.87273,4.68606,5.41926,5.86958,2.74342,4.02141,2.63028,2.63344,2.7567,2.6529,2.93571,2.83652,2.60044,2.73058,2.4977,2.24538,2.6911,3.99658,2.86924,3.48177,2.41622,2.25114,3.66476,3.41739,3.29942,3.23667,2.86929,3.23841,3.27883,3.66308,3.76669,3.6214,3.56241,3.67008,3.34713,4.40953,3.77174,4.41137,4.22082,4.82888,4.17678,4.00327,3.66261,3.8907,4.30836
Guinea,GIN,656,Export Diversification Index,Index,Annual,5.24502,5.23943,5.10826,5.05932,4.89006,5.15194,5.27594,5.26654,5.23445,5.53199,5.68623,5.22244,5.18811,5.3838,5.63952,5.41374,5.55732,5.50188,5.58108,5.68224,5.52551,5.68159,5.75789,5.80675,5.57707,5.33019,5.22573,5.2205,5.21383,5.3282,5.22683,5.06594,5.00297,4.78477,4.90072,4.68581,4.67527,4.63042,4.73059,4.70784,4.49967,4.30867,4.41561,4.47265,4.18559,4.39585,4.42649,4.77095,4.24359
"Gambia, The",GMB,648,Export Diversification Index,Index,Annual,5.8942,5.06217,4.43812,4.41073,4.53344,4.41155,4.63566,4.62106,4.71562,4.72205,4.70547,4.30609,4.9356,5.09634,4.90127,4.6234,4.5949,4.78447,4.23901,4.02879,4.13222,4.12376,4.27174,4.14344,4.29461,3.85012,4.29931,4.75481,4.51457,4.83189,5.02171,4.33635,4.34195,4.81412,5.03059,5.14205,4.75398,4.56269,3.46294,3.02369,3.22553,3.13352,2.99901,3.15383,3.51067,3.34768,3.8708,3.46447,3.47918
Guinea-Bissau,GNB,654,Export Diversification Index,Index,Annual,4.55455,4.35772,4.21048,3.94473,3.92892,4.19651,4.39158,4.33149,4.33409,3.75976,3.68661,4.226,3.97416,3.62704,4.37085,4.53226,3.44167,4.38585,4.18069,3.71723,4.37048,4.09071,4.15841,3.83063,3.97547,4.30678,4.30316,4.27148,4.34941,4.71099,4.12021,4.58289,4.68906,4.52859,4.63086,4.82056,3.37041,4.90944,5.28551,5.48932,4.82343,4.70604,5.2551,5.83861,5.45938,5.61627,5.94529,5.81794,4.86155
Equatorial Guinea,GNQ,642,Export Diversification Index,Index,Annual,4.25806,4.35432,4.50075,5.42286,5.54341,5.11136,5.10423,4.83723,4.51066,5.2268,5.27073,5.1933,5.24466,5.28663,5.11026,4.30533,4.91865,4.4531,4.91277,4.73088,4.32647,5.06836,4.91493,5.1624,4.8528,4.92951,4.88655,5.04909,5.1387,5.14843,5.11183,5.33964,5.34682,4.4572,4.66033,5.06963,5.28155,5.38491,5.76961,5.84884,5.98202,5.95915,6.10126,6.0922,6.06285,5.8422,5.78725,5.74004,5.72574
Greece,GRC,174,Export Diversification Index,Index,Annual,3.45555,3.42744,3.37638,3.19324,2.83271,2.94631,2.76816,2.67205,2.51335,2.45193,2.34827,2.26205,2.17249,2.11911,2.10072,2.09672,2.20079,2.24019,2.17757,2.24131,2.22067,2.27568,2.15915,2.14208,2.18232,2.25262,2.20213,2.21684,2.22558,2.24728,2.27307,1.95148,2.02349,2.00815,2.06015,1.95482,1.94443,2.02114,1.94971,1.92924,1.92368,1.90374,1.86238,1.83315,1.84385,1.76796,1.72596,1.77581,1.75029
Grenada,GRD,328,Export Diversification Index,Index,Annual,,,,6.43775,,,,6.43775,3.81006,4.93728,3.69662,3.96261,3.81339,3.53631,4.22379,4.66259,4.4021,4.82256,4.68823,4.37743,4.24049,4.13405,4.18576,4.43541,4.60318,4.67419,3.98339,3.7756,3.40029,3.48259,3.65841,3.57533,3.48455,3.36437,3.4223,3.53846,4.82982,3.93905,3.86076,3.73386,3.58485,3.46901,3.89257,4.05117,3.55475,3.96525,3.65713,3.7767,3.82776
Greenland,GRL,326,Export Diversification Index,Index,Annual,,,,,6.43775,,,5.95133,4.87039,5.56063,5.51384,4.65556,4.14781,4.29704,4.26278,4.19002,4.40415,4.36905,4.36955,4.48128,4.45615,4.68935,4.66183,4.82598,5.0941,5.06317,4.95468,5.01788,5.01837,5.18572,5.23335,5.109,5.30396,5.18678,5.21692,5.05936,5.05857,5.11417,5.00383,5.00714,5.10817,5.08331,4.94109,4.95427,4.83675,4.82854,4.83726,4.95609,4.94107
Guatemala,GTM,258,Export Diversification Index,Index,Annual,4.70739,4.26709,4.15044,4.09004,3.92345,3.42739,3.47339,3.44145,3.35778,3.42715,3.48479,3.38329,3.35449,3.34755,3.45633,3.87059,3.52893,3.53145,3.12179,2.92418,3.05297,3.0485,3.17277,3.15766,3.73124,3.20354,2.97073,2.9912,2.93796,2.89321,3.01953,2.82587,2.90565,3.03723,2.91316,3.0206,2.93465,2.84109,2.80961,2.82969,2.7932,2.8227,2.79125,2.66303,2.58769,2.3993,2.33607,2.38183,2.34366
Guyana,GUY,336,Export Diversification Index,Index,Annual,4.60152,4.5881,4.42339,4.19359,4.25742,4.3095,4.26904,4.31482,4.2356,4.13526,4.18826,4.18438,4.20796,4.25201,4.17084,4.09312,4.25876,4.30236,4.18496,4.11837,4.04341,4.25273,4.22643,4.35179,4.26986,4.28544,4.13943,4.3062,4.30731,4.35735,4.42976,4.31398,3.99591,4.04062,4.13225,3.91688,3.93682,3.93463,3.82248,3.83806,3.61094,3.7661,3.84332,3.72367,3.71349,3.84425,3.921,3.83982,3.78453
"Hong Kong, China",HKG,532,Export Diversification Index,Index,Annual,2.34032,2.65121,2.66253,2.67145,2.66565,2.69199,2.76304,2.79612,2.81044,2.86958,2.8129,2.64854,2.59123,2.76614,2.80192,2.65778,2.62828,2.54748,2.4107,2.39474,2.37739,2.33564,2.27237,2.64107,2.58711,2.41342,2.28416,2.30399,2.35798,2.35214,2.12774,2.22769,2.251,2.29888,2.33064,2.40123,2.45326,2.46397,2.48103,2.42103,2.48552,2.44097,2.44831,2.42563,2.41155,2.32906,2.31377,2.29351,2.32278
Honduras,HND,268,Export Diversification Index,Index,Annual,4.66594,3.95555,3.97673,4.29903,4.46977,4.49352,4.27274,4.22086,4.13026,4.68971,4.48244,4.21568,3.72067,3.37903,3.72379,3.88776,3.96599,3.8091,3.73653,3.75604,3.79635,3.57495,3.71234,3.87256,4.08854,4.08829,3.89706,3.73121,3.65982,3.49817,3.36179,3.34548,3.28488,3.46919,3.5034,3.52688,3.59361,3.71165,3.77287,3.7807,3.77371,3.77837,3.72874,3.62324,3.53646,3.38881,3.35997,3.36744,3.33872
Croatia,HRV,960,Export Diversification Index,Index,Annual,,,,,,,,,,,,,,,,,,,,,,,,,,,,,,,1.84907,1.97289,2.06056,1.94893,1.91576,1.87946,1.95337,1.91968,2.00128,1.91681,1.8432,1.84205,1.96205,1.78608,1.74984,1.65819,1.64291,1.73801,1.7848
Haiti,HTI,263,Export Diversification Index,Index,Annual,4.33337,4.15163,4.18786,4.29759,4.22261,3.84302,3.73199,3.72905,3.62791,3.62536,3.51204,3.24477,3.1315,3.00322,3.24888,3.3566,3.0914,2.93666,2.934,2.77637,2.8657,2.87426,2.84444,2.95785,3.08587,3.08242,3.14566,3.21046,3.19955,3.34907,3.51316,3.55119,3.41063,3.62781,3.89104,4.1288,4.38468,4.70861,4.81916,4.72308,4.76813,5.01154,4.99491,5.19076,5.21512,5.09275,4.91063,5.23674,5.14671
Hungary,HUN,944,Export Diversification Index,Index,Annual,1.78558,1.76992,1.63327,1.67786,1.66637,1.69131,1.71173,1.75987,1.65896,1.68515,1.83714,1.75565,1.60802,1.58344,1.47168,1.41347,1.51946,1.51672,1.52,1.48027,1.4346,1.43925,1.49523,1.49792,1.46547,1.47084,1.47844,1.45318,1.46532,1.51977,1.49426,1.54139,1.58223,1.65709,1.666,1.87361,2.06971,2.2242,2.25794,2.20619,2.15562,2.20484,2.41314,2.41919,2.32584,2.31613,2.27281,2.32195,2.34614
Indonesia,IDN,536,Export Diversification Index,Index,Annual,3.92221,3.72529,3.75023,3.79831,3.67186,3.70867,3.80005,3.76914,3.80967,3.87802,4.03402,4.12985,4.65057,4.80075,4.74824,4.60819,4.48969,4.36993,4.48967,4.8381,4.80712,4.59805,4.37953,4.16866,3.82774,3.54835,3.19033,3.04302,3.13597,3.01336,2.82703,2.68675,2.53328,2.39117,2.35329,2.29659,2.00391,2.05046,2.14833,2.10185,2.10591,2.05395,2.10136,2.15014,2.14031,2.10295,2.24411,2.23722,2.24698
India,IND,534,Export Diversification Index,Index,Annual,3.08527,2.86723,2.806,2.83629,2.84383,2.76794,2.63158,2.43093,2.37147,2.46005,2.50273,2.40557,2.21091,2.3971,2.22031,2.19767,2.20178,2.11138,2.12247,2.14785,1.94507,2.28077,2.2286,2.19776,2.28065,2.33376,2.32353,2.25999,2.16682,2.16151,2.1613,2.15409,2.08391,2.03327,1.94811,1.91753,1.98049,2.01224,1.9969,1.88233,1.93519,1.9105,1.9104,1.99077,1.82822,1.81347,1.81806,1.94207,1.92482
Ireland,IRL,178,Export Diversification Index,Index,Annual,3.06195,2.5187,2.52171,2.31022,2.22644,2.2736,2.15538,1.99958,1.95836,1.98717,1.92559,1.85328,1.91567,1.9508,1.75877,1.79189,1.87269,1.79759,1.79285,1.78852,1.78366,1.83232,1.85656,1.88181,1.91615,1.97784,1.92685,1.98892,1.9512,1.99532,2.0796,2.0801,2.24858,2.39911,2.39662,2.50944,2.83039,3.0234,3.10424,3.24805,3.27332,3.19931,3.17958,3.2028,3.1397,3.1491,3.16941,3.32592,3.22417
"Iran, Islamic Rep.",IRN,429,Export Diversification Index,Index,Annual,4.81223,4.715,4.79604,4.84227,4.80257,5.15884,5.11876,5.15566,5.17478,5.33902,5.28367,5.60095,5.83971,5.81087,5.88843,5.82218,5.9806,5.75151,5.65416,5.94172,6.19827,6.23471,6.15292,6.14935,5.85034,5.86172,5.75032,5.82997,5.93491,5.8139,5.65669,5.44455,5.39761,5.39539,5.49534,5.40435,4.95299,4.9913,5.31932,5.28022,4.9936,5.10036,5.09831,5.16316,5.07144,5.34589,5.43085,5.33553,4.64165
Iraq,IRQ,433,Export Diversification Index,Index,Annual,5.96516,5.9698,6.21679,6.15757,6.14815,6.07145,6.11894,6.03788,6.00739,6.07461,5.82805,5.9214,6.27439,6.2773,6.29267,6.31553,6.33254,6.33182,6.35966,6.33777,6.35404,6.22183,6.07805,6.00952,5.92845,5.87038,5.86257,5.92874,6.01221,5.14572,5.56046,5.61168,6.20277,6.17412,5.07037,6.33996,6.36933,6.34236,6.40125,6.38293,6.32258,6.22504,6.23294,6.28571,6.32817,6.33477,6.35553,6.37289,6.41065
Iceland,ISL,176,Export Diversification Index,Index,Annual,4.50137,4.34271,4.38526,4.44893,4.41722,4.20949,4.29257,4.09468,4.18527,4.23357,4.23618,4.24421,4.23753,4.2863,4.26539,4.258,4.23926,4.22283,4.2617,4.23504,4.43716,4.30819,4.0869,4.07245,4.19124,4.22977,4.1796,4.19916,4.39925,4.43154,4.34779,4.29024,4.19198,4.07791,3.94057,3.93648,3.95171,3.98218,3.92013,3.8065,3.74963,3.7252,3.78722,3.92282,3.92976,4.00089,3.83384,3.84316,3.90631
Israel,ISR,436,Export Diversification Index,Index,Annual,3.25392,3.2362,3.13618,3.20628,3.19929,3.0892,3.102,3.07141,2.81135,2.88789,2.97035,2.96944,2.65702,2.71192,2.85181,2.89791,3.05558,2.75924,2.64084,2.62011,2.5114,2.57424,2.54558,2.57525,2.66839,2.70317,2.77858,2.78897,2.5988,2.6443,2.62137,2.70936,2.69762,2.66508,2.70534,2.74423,2.71434,2.84456,2.80083,2.72772,2.82382,2.77455,2.76478,2.81299,2.78278,2.78545,2.69368,2.59045,2.84678
Italy,ITA,136,Export Diversification Index,Index,Annual,1.39686,1.34901,1.3228,1.28603,1.32031,1.34831,1.36793,1.37122,1.39425,1.40737,1.40194,1.38099,1.35805,1.34995,1.3558,1.34843,1.37647,1.42887,1.36745,1.33459,1.36696,1.35738,1.35253,1.36067,1.40867,1.42358,1.40172,1.40043,1.43054,1.42701,1.41036,1.3844,1.40738,1.41075,1.43056,1.41972,1.42483,1.44928,1.47279,1.45003,1.44246,1.45402,1.44478,1.42267,1.42499,1.44676,1.44047,1.47215,1.44112
Jamaica,JAM,343,Export Diversification Index,Index,Annual,4.49592,4.39564,4.43576,4.42111,4.39334,4.36082,4.30742,4.42446,4.40038,4.29451,4.17104,4.17464,4.13501,4.31901,4.17917,4.23772,4.46589,4.20959,4.52767,4.52794,4.19427,3.88277,4.02965,3.64912,3.58835,3.67867,3.68953,4.00941,3.93337,3.9657,3.80802,3.90492,4.03749,4.0465,3.96567,4.07271,4.1326,4.04571,4.034,4.19727,4.13251,4.13407,4.41322,4.51221,4.52721,4.42627,4.52815,3.77164,3.54976
Jordan,JOR,439,Export Diversification Index,Index,Annual,5.55827,4.23315,3.05282,2.93046,3.30197,3.25681,3.09001,2.7775,3.04853,3.02188,2.90867,2.92502,3.35768,2.97502,2.2919,2.16658,2.51156,2.39084,2.78083,2.64962,2.54139,2.58956,2.63398,2.69411,2.78443,2.62867,2.70269,2.67523,2.60021,2.95246,2.83211,2.68142,2.73127,2.84066,2.86831,2.54876,2.7187,2.62516,2.33096,2.41193,2.77252,2.44169,2.58089,2.51571,2.62319,2.62924,2.52368,2.40269,2.45622
Japan,JPN,158,Export Diversification Index,Index,Annual,1.50531,1.45078,1.53769,1.49418,1.47473,1.51529,1.51226,1.50722,1.49881,1.57845,1.62856,1.64092,1.62074,1.62323,1.73626,1.76156,1.79209,1.80614,1.84238,1.91802,1.9358,1.9208,1.98078,2.08902,2.19752,2.14714,2.11721,2.12629,2.14181,2.1538,2.15985,2.1613,2.16598,2.16028,2.13765,2.16513,2.19115,2.22132,2.24503,2.19152,2.23901,2.23621,2.20596,2.19083,2.20171,2.19953,2.17592,2.05664,2.09499
Kazakhstan,KAZ,916,Export Diversification Index,Index,Annual,,,,,,,,,,,,,,,,,,,,,,,,,,,,,,,3.47305,2.92449,3.07967,2.53502,2.63891,2.93322,3.05158,3.72744,4.11758,3.93849,4.19527,4.07129,3.94288,4.20882,4.21934,4.09149,4.15215,4.2252,4.61865
Kenya,KEN,664,Export Diversification Index,Index,Annual,4.02171,4.00126,3.80381,3.58563,3.55174,3.3686,3.47796,3.46889,3.41978,3.38141,3.32021,3.19443,3.08627,3.13665,2.82414,3.82402,3.51433,3.27377,3.07223,3.03474,3.13207,3.24651,3.5441,3.4581,3.65822,3.25515,3.07401,3.67804,2.59671,2.9686,2.89533,2.79857,2.67394,2.79121,2.73246,2.75941,2.84296,2.79234,2.91522,2.86569,2.86512,2.76319,2.71237,2.5913,2.5642,2.52897,2.49689,2.54565,2.51573
Kyrgyz Republic,KGZ,917,Export Diversification Index,Index,Annual,,,,,,,,,,,,,,,,,,,,,,,,,,,,,,,3.39836,3.13326,3.04339,2.43265,2.4224,2.47234,2.64757,3.03634,3.06263,2.92022,2.72684,2.58368,2.65654,2.59616,2.46726,2.47683,2.80384,2.91645,3.06781
Cambodia,KHM,522,Export Diversification Index,Index,Annual,3.86407,4.27904,4.86061,4.872,4.5742,4.409,4.51713,4.42472,4.23514,3.74118,3.96725,4.74507,4.84016,3.35829,3.37841,3.79983,3.63797,2.87545,3.38854,3.24497,3.80996,3.95524,4.66915,3.86365,2.80232,4.23307,3.57171,3.8787,3.98064,4.36257,4.72853,4.47883,4.55989,4.33855,3.76656,4.07639,4.51511,4.73301,4.66957,4.72532,4.77229,4.82478,4.76336,4.79137,4.84711,4.84348,4.83114,4.68919,4.71297
Kiribati,KIR,826,Export Diversification Index,Index,Annual,,,,,,,,,6.0237,6.43632,6.36101,6.43507,6.4268,6.43338,6.41026,6.28146,5.92411,6.23197,4.85376,4.75242,5.74269,5.88796,6.15097,5.1109,5.08971,4.75069,4.11702,4.8531,4.04724,5.03088,3.49638,4.94191,5.20259,4.96847,4.41681,6.07859,5.59168,4.08045,5.38005,5.65293,5.62484,5.58807,4.56001,4.23789,4.48466,4.25175,5.14426,5.24277,5.22362
St. Kitts and Nevis,KNA,361,Export Diversification Index,Index,Annual,,,,,,,,,,,,,,,,,,,,3.58356,3.73674,3.50151,3.51591,3.12086,2.85315,3.09854,4.01981,4.24241,4.26596,4.04987,4.20753,4.22866,4.39549,4.42414,4.52405,4.48006,4.40215,4.4387,4.23896,4.21653,4.23521,4.42782,4.37228,4.62922,4.55273,4.24658,4.28329,4.07677,4.3337
"Korea, Rep.",KOR,542,Export Diversification Index,Index,Annual,3.13323,2.9314,2.63691,2.54014,2.61601,2.76402,2.95663,2.9676,2.83768,2.84013,2.59574,2.31359,2.12669,2.17852,2.22222,2.1114,2.06006,2.01471,1.93179,1.96371,1.9489,1.96665,2.00955,1.99671,2.00813,2.06536,2.04029,2.01061,1.96794,1.94341,1.89768,1.90418,2.00544,2.15398,2.08878,2.07984,2.06927,2.20011,2.31584,2.1826,2.35117,2.38347,2.46161,2.49369,2.53558,2.4442,2.36216,2.37396,2.37742
Kuwait,KWT,443,Export Diversification Index,Index,Annual,6.13905,6.12854,6.1218,6.11842,6.04853,6.06071,5.92616,5.90548,5.72322,5.70876,5.77201,5.63437,5.54126,5.42241,4.97639,5.06069,5.39767,5.367,5.20634,5.00585,4.3921,4.4322,4.68873,4.73117,4.62979,4.78938,4.35197,4.55843,4.61295,4.73104,5.37181,5.35486,5.09604,5.06726,5.08715,5.09016,4.85163,4.84628,5.32776,5.21242,5.23462,5.28598,5.42252,5.69515,5.77867,5.7794,5.81425,5.67289,5.68362
Lao PDR,LAO,544,Export Diversification Index,Index,Annual,5.10058,4.80005,4.55059,4.93013,4.88127,4.88649,4.49493,5.07199,4.13975,4.17368,4.33023,3.87247,4.00934,3.56023,3.79388,3.3304,3.58052,3.79241,3.25618,3.54603,4.29662,4.47045,3.379,3.88282,3.57871,3.94336,3.92464,3.71768,3.85007,4.36409,4.12902,4.35205,4.16905,3.83895,3.80669,3.62866,3.98161,3.94718,4.03036,3.94096,4.13047,3.9648,3.67337,3.29152,4.10347,4.12669,3.89562,3.77555,3.89289
Lebanon,LBN,446,Export Diversification Index,Index,Annual,4.80461,3.83101,4.22742,3.12178,2.72363,2.08662,2.19011,1.94607,2.09411,2.18694,2.04529,2.01055,1.81427,1.53035,1.66627,1.79407,1.78995,1.83455,1.82228,2.0913,2.36022,2.31273,2.67106,2.61862,2.70087,2.60904,2.68511,2.5139,2.41803,2.4017,2.19948,2.45131,2.39484,2.13918,2.45388,2.40687,2.27769,2.42696,2.41925,2.36806,2.07439,2.11869,2.14964,2.1173,2.03099,2.1681,2.24087,2.16597,2.10225
Liberia,LBR,668,Export Diversification Index,Index,Annual,4.89319,5.06094,5.17775,5.24771,5.22613,5.20326,5.22396,5.10833,5.25221,4.97948,4.90494,5.04328,4.98244,4.89488,4.72677,4.78524,4.40279,4.42062,4.38316,4.49971,4.64416,4.52659,4.49363,4.52378,4.49442,4.53762,4.73795,5.04734,5.07081,4.64211,4.69606,4.9307,5.44903,5.69401,5.44734,4.81131,5.37442,4.84654,4.97321,5.01485,5.18282,5.30201,5.56441,5.57872,4.80912,5.39698,4.71506,4.87302,4.6033
Libya,LBY,672,Export Diversification Index,Index,Annual,5.85295,6.27021,6.30133,6.357,6.3494,6.37019,6.37565,6.3946,6.3949,6.3972,6.31769,6.25929,6.32551,6.23369,6.24675,6.19557,6.11192,6.13082,6.18359,6.18104,6.13335,6.09348,6.07157,5.83396,5.78504,5.71377,5.63058,5.66917,5.75682,5.71385,5.6452,5.64923,5.60145,5.39323,5.73576,5.55301,5.47025,5.43114,5.97248,5.95269,6.01656,6.03103,6.07417,6.13381,6.1337,6.12069,6.11048,5.87808,5.95659
St. Lucia,LCA,362,Export Diversification Index,Index,Annual,,,,6.43775,,,,6.43775,4.46987,5.49069,5.90916,4.60452,3.75822,4.62854,3.95013,4.02829,3.68326,3.2586,4.07983,4.59843,4.66291,4.76334,5.43346,5.62338,5.77441,5.48808,4.97318,4.74382,4.73949,4.79541,4.80778,4.69178,4.54386,4.42297,4.75725,4.26948,4.48131,4.37924,4.39686,3.92822,4.23346,4.00811,4.08615,3.92973,3.88968,3.52981,3.92263,4.93294,3.94509
Sri Lanka,LKA,524,Export Diversification Index,Index,Annual,5.12762,5.08785,5.00445,5.01517,5.03618,5.03677,4.89921,4.89751,4.8125,4.7735,4.60041,4.56436,4.2241,4.35907,4.39412,4.60057,4.29704,3.99422,3.81855,3.71272,3.47483,3.57561,3.9381,3.75276,3.65444,3.59972,3.55954,3.43093,3.48222,3.35134,3.38892,3.42858,3.28938,3.23861,3.23692,3.25072,3.30118,3.31259,3.31894,3.38413,3.38025,3.29953,3.23976,3.13172,3.10399,3.14561,3.11642,3.25292,3.16011
Lithuania,LTU,946,Export Diversification Index,Index,Annual,,,,,,,,,,,,,,,,,,,,,,,,,,,,,,,2.57713,2.88295,1.89113,1.75797,1.95433,1.88427,1.98608,2.07145,2.07726,2.1086,2.03259,2.00623,1.92809,1.83652,1.75063,1.72479,1.78919,1.81497,1.73813
Latvia,LVA,941,Export Diversification Index,Index,Annual,,,,,,,,,,,,,,,,,,,,,,,,,,,,,,,3.02651,3.00945,2.40476,2.2528,2.45049,2.30926,2.17919,2.32368,2.37199,2.33855,2.23016,2.2353,2.02288,1.84609,1.729,1.70279,1.64232,1.66542,1.67686
Macao,MAC,546,Export Diversification Index,Index,Annual,4.11764,5.80827,6.33687,6.28619,6.31117,6.18827,5.96868,4.43137,3.42266,3.58403,3.8622,4.05139,3.93978,4.35669,4.50595,4.38322,4.26611,4.12833,4.05949,3.74822,3.59928,3.5006,3.42497,3.68299,3.75901,3.68092,3.70827,3.74202,3.92561,3.79043,3.90496,3.84921,3.97082,4.02888,4.21145,4.37038,4.32826,4.42515,4.55258,4.59862,4.64229,4.73534,4.74014,4.62554,4.55059,4.41075,3.99655,2.84219,2.54064
Morocco,MAR,686,Export Diversification Index,Index,Annual,3.17412,3.23733,3.30515,3.30493,3.31195,3.40345,3.38896,3.25099,3.28679,3.24955,3.22922,3.14766,3.98813,3.99619,3.64466,3.57882,3.41364,3.28826,3.38376,3.46656,3.32264,3.24838,3.29027,3.18316,3.16313,3.1264,3.05522,3.01531,3.02609,3.12827,3.09441,3.08137,3.08535,3.08266,3.13446,3.16686,3.13757,3.11654,3.12217,3.1293,3.10988,3.09635,3.03466,2.98493,2.97882,2.95598,3.02613,2.8973,2.88773
Moldova,MDA,921,Export Diversification Index,Index,Annual,,,,,,,,,,,,,,,,,,,,,,,,,,,,,,,2.6701,2.85599,2.35698,2.43857,2.77134,2.91352,2.83656,2.72194,2.82467,2.91125,2.86281,2.91899,3.01641,3.05926,2.79497,2.73462,2.8479,2.65407,2.55297
Madagascar,MDG,674,Export Diversification Index,Index,Annual,3.49615,3.50471,3.5614,3.54726,3.41334,3.45852,3.70288,3.4166,3.57666,3.67939,3.53825,3.51909,3.44789,3.72572,3.76275,4.25272,4.31912,4.17233,4.11906,4.22204,4.36618,4.28299,4.15397,4.05454,4.39382,4.14289,4.03998,3.85161,2.16363,3.38686,3.49199,3.38729,3.51309,3.43271,3.34423,3.34023,3.51379,3.55665,3.7872,3.96908,3.89297,4.0383,3.97722,3.84997,3.85849,3.90968,3.81325,3.71274,3.35245
Maldives,MDV,556,Export Diversification Index,Index,Annual,5.74996,,,,,,,6.43775,3.7129,6.38207,6.19497,5.08717,5.2384,5.32912,5.31116,5.33392,5.60634,4.77849,4.36411,4.11592,4.72798,4.64271,4.45665,4.69424,4.9815,4.75798,4.56383,4.73377,4.58556,4.50524,4.40578,4.38138,4.41209,4.46743,4.57871,4.54576,4.57318,4.55663,4.76565,4.64932,4.69939,4.63639,4.72208,4.7585,5.23107,5.20967,5.36791,5.26178,4.72363
Mexico,MEX,273,Export Diversification Index,Index,Annual,3.02901,2.87597,2.67975,2.70202,2.69086,2.509,2.42317,2.3526,2.27561,2.12345,2.05142,2.05976,2.03109,2.05033,2.11909,2.2092,2.27181,2.6848,3.4065,3.76792,4.08432,3.85517,3.57712,3.49021,2.68916,2.6387,2.31276,2.31207,2.37973,2.35158,2.32458,2.28356,2.26055,2.16308,2.24222,2.27697,2.24736,2.30955,2.50326,2.50456,2.48281,2.47293,2.43263,2.42104,2.51853,2.50134,2.50773,2.39103,2.44415
"Macedonia, FYR",MKD,962,Export Diversification Index,Index,Annual,,,,,,,,,,,,,,,,,,,,,,,,,,,,,,,,2.55049,2.49319,2.36232,2.29478,2.30937,2.55697,2.74506,2.77355,2.86483,2.75756,2.64439,2.82611,2.87764,2.80262,2.97044,2.78847,2.73096,2.73078
Mali,MLI,678,Export Diversification Index,Index,Annual,4.69142,4.10505,4.48515,4.28414,4.45511,4.23251,4.22503,3.89383,3.34707,3.90525,4.22419,3.85574,3.89807,4.00724,4.15948,4.65614,4.3136,4.21497,4.42531,4.41861,4.42394,4.7982,5.38971,4.65203,4.6766,5.18281,4.59674,4.80457,4.81938,5.19201,4.85315,5.10823,4.70706,5.17493,5.41575,5.25412,5.35463,5.28499,4.56676,3.78568,4.25665,4.9667,5.56791,5.00708,4.29383,4.73616,4.41571,3.7793,3.86972
Malta,MLT,181,Export Diversification Index,Index,Annual,3.06312,2.71047,2.49428,2.46873,2.49762,2.40188,2.48334,2.62016,2.72188,2.76782,2.81056,2.81281,3.31039,3.34071,3.32302,3.31449,3.20338,3.19456,3.11671,3.11392,3.20508,3.17636,2.9934,3.01248,3.21811,3.11456,3.37575,3.65472,3.57836,3.58322,3.85076,3.4562,3.86591,3.96574,3.5508,3.52018,3.80567,3.85941,4.12863,3.91887,4.11256,4.05419,4.20507,3.92006,3.95818,3.88637,3.99383,3.86574,3.78496
Myanmar,MMR,518,Export Diversification Index,Index,Annual,4.36756,4.3731,4.78098,4.61403,4.69367,4.26801,4.3408,4.31011,4.25536,4.19572,3.92922,3.84789,4.14785,3.98992,4.50938,4.213,3.66612,3.49853,3.53767,3.69948,3.58174,3.60382,3.61794,3.57825,3.66402,3.34235,3.38564,3.53003,3.75869,3.87872,3.76804,3.91158,3.71004,3.74978,3.65851,3.6758,3.58827,3.60108,3.71854,3.75666,3.74443,3.7712,3.87838,3.94286,4.10149,4.08524,4.22198,4.05339,3.99211
Mongolia,MNG,948,Export Diversification Index,Index,Annual,5.98338,5.67454,5.50598,5.2335,5.49771,5.43293,5.4923,5.35995,4.57018,4.21764,4.58736,4.69757,4.21283,3.61149,3.37221,3.55427,4.59985,4.05077,3.9699,4.77734,4.41215,3.10616,4.31845,4.12193,4.32601,3.77385,3.72886,3.26605,2.91595,3.28757,3.35531,2.94294,3.39397,3.85361,3.96241,4.09059,3.88248,4.01396,4.15712,4.22083,4.22197,4.21209,4.27373,4.14492,4.56821,4.48755,4.30445,4.29538,4.49407
Mozambique,MOZ,688,Export Diversification Index,Index,Annual,3.59309,3.63306,3.46818,3.42011,3.18881,3.35675,3.35438,3.15832,3.14478,3.04512,3.23566,3.09687,3.13706,3.25879,3.31631,3.27155,3.34786,3.05315,3.26185,3.37283,3.26446,3.12187,3.11442,2.81347,3.13554,2.8407,2.8897,2.82061,2.75839,2.81009,3.12776,3.61508,3.54736,3.66303,3.7775,3.5249,3.79559,3.38146,3.21578,4.54507,4.57222,4.55534,4.93264,4.71388,4.89122,4.56856,3.93342,3.96728,4.13352
Mauritania,MRT,682,Export Diversification Index,Index,Annual,4.90152,5.60564,6.10427,6.0953,6.03851,5.99735,6.00376,5.93745,5.84091,5.67365,5.47415,5.38127,5.47498,5.52368,5.57522,5.53759,5.31522,5.74998,5.67849,4.85067,5.03801,4.86634,4.89186,4.92601,4.83005,4.50564,4.67888,4.86153,4.83255,4.95429,4.89518,4.86215,4.71793,4.66895,4.64621,4.74169,4.76976,4.7104,4.76089,4.69656,4.66117,4.57062,4.64831,4.79368,4.75359,4.57694,4.75536,4.63857,4.87725
Montserrat,MSR,351,Export Diversification Index,Index,Annual,,,,,,,,,5.05277,6.43775,3.87122,3.98266,3.55095,3.03677,3.10573,3.50239,3.87207,3.24162,2.68023,2.97143,3.76156,3.02454,2.93677,3.30219,3.43701,4.20936,3.85032,3.79378,2.8787,3.6028,3.65473,3.70592,4.66746,4.60575,5.15685,4.77067,3.58692,3.03477,3.21267,3.54159,3.2241,3.71945,3.27948,3.68594,2.97164,3.15692,3.77691,3.67951,3.81435
Mauritius,MUS,684,Export Diversification Index,Index,Annual,6.09433,5.92459,6.12637,5.82195,5.87693,5.97527,5.77842,5.61607,5.8469,5.18119,5.26894,4.74007,4.88617,5.33348,4.7633,4.30967,4.19285,4.08853,4.21729,4.21444,4.278,4.17181,3.92814,3.76785,3.79534,3.88422,3.84437,3.75886,3.74128,3.84129,3.90243,3.8979,3.88699,3.77138,3.80878,3.87658,3.89158,3.95597,3.86399,3.73877,3.70275,3.65653,3.41751,3.16501,3.22604,3.22634,3.11542,3.05453,3.02222
Malawi,MWI,676,Export Diversification Index,Index,Annual,,,,4.83608,4.61681,4.34354,4.20867,4.47929,4.20198,4.30949,4.29954,4.25417,4.25033,4.42358,4.72573,4.55586,4.82902,4.64437,4.47898,4.36116,4.64628,4.74708,4.89225,4.72652,4.72358,4.95308,4.71895,4.91041,4.78031,5.05786,5.22643,5.04238,4.82405,4.79826,4.47549,4.92999,4.69708,4.82055,4.8685,4.91412,4.96204,4.70828,4.50876,4.67892,4.68179,4.37375,4.43157,4.81542,4.42645
Malaysia,MYS,548,Export Diversification Index,Index,Annual,,,3.97418,3.94149,3.89265,3.84028,3.79168,4.03519,3.85655,3.71203,3.57238,3.75511,3.6132,3.38903,3.42357,3.38434,3.37778,3.46025,3.43787,3.36127,3.38388,3.29351,3.21659,3.10307,2.92947,2.90011,2.7435,2.63219,2.588,2.52623,2.48741,2.46233,2.51509,2.60586,2.62278,2.70091,2.73227,2.81609,2.98698,2.9368,2.96563,3.01108,2.96069,2.96227,2.92695,2.72694,2.66421,2.68369,2.73293
New Caledonia,NCL,839,Export Diversification Index,Index,Annual,5.5018,5.10433,5.36674,5.50122,5.50543,5.60099,5.66937,5.68509,5.6516,5.71062,5.45112,5.54562,5.55439,5.5432,5.58078,5.55254,5.35603,5.59489,5.47854,5.49448,5.36955,5.23014,5.4492,5.4746,5.30587,5.04245,5.57304,5.50474,5.20463,5.35263,5.21809,5.05289,5.12424,5.15445,5.28423,5.16392,4.7942,4.70191,5.24498,5.14818,4.65629,4.8773,5.08459,5.25115,5.22936,5.4619,5.17334,5.01027,5.18788
Niger,NER,692,Export Diversification Index,Index,Annual,5.43286,5.17627,5.17226,5.21831,5.31681,5.5728,5.45125,5.32603,5.16938,4.07519,4.31857,3.99572,4.19607,4.59864,4.7494,4.68986,5.17076,5.45421,5.96506,5.5625,6.11534,5.82048,5.64574,5.68542,5.40859,5.63248,6.1021,5.78934,5.45735,5.28596,5.94898,5.59988,5.18899,4.00271,4.52411,5.10946,5.18524,5.10419,5.04442,3.86678,3.57355,4.38266,3.80423,4.12971,4.9008,5.34056,3.47755,5.64471,5.37068
Nigeria,NGA,694,Export Diversification Index,Index,Annual,3.73827,3.74027,3.71362,3.89879,3.92334,4.05024,3.776,4.1717,4.65466,5.12996,5.50682,5.38797,5.9282,6.00941,6.04962,5.98153,5.91746,6.02977,6.15207,6.13258,6.21621,6.08976,6.10608,6.14782,6.1101,6.05648,5.88982,5.9778,5.98931,6.00349,6.07703,5.98492,5.89997,5.72404,5.93685,5.94163,5.78685,5.8333,6.0379,5.88211,5.76466,5.84153,5.96388,6.00521,5.99347,5.9371,5.85034,5.83494,5.78232
Nicaragua,NIC,278,Export Diversification Index,Index,Annual,4.43112,4.33435,4.4137,4.37827,4.07516,3.90645,3.69117,3.41102,3.0707,3.29184,3.33148,3.30606,3.28398,3.21981,3.40165,3.73185,3.48899,3.78201,3.76974,3.937,3.82655,4.06955,4.26167,4.23438,4.40845,4.36329,3.91163,3.60319,3.46183,3.4608,2.95037,3.25413,3.2132,3.30808,3.16484,3.04633,3.36908,3.35485,3.29747,3.1255,3.24065,3.24106,3.22373,3.28628,3.33924,3.22938,3.16262,3.21285,3.27738
Netherlands,NLD,138,Export Diversification Index,Index,Annual,1.13009,1.07727,1.03585,1.01548,0.990753,0.981679,0.984253,0.988346,1.01892,1.0558,1.05146,1.06091,1.1485,1.15259,1.18101,1.15158,1.14727,1.27672,1.30365,1.34099,1.34782,1.34154,1.32816,1.31648,1.16988,1.15663,1.14958,1.16161,1.17628,1.17314,1.15314,1.20996,1.1788,1.21965,1.27854,1.31576,1.34198,1.36923,1.54713,1.42292,1.38319,1.4407,1.45533,1.44343,1.44558,1.43997,1.46445,1.44222,1.44236
Norway,NOR,142,Export Diversification Index,Index,Annual,2.078,2.01288,2.0049,1.95941,1.94449,1.96444,2.06451,2.02053,1.98917,1.91565,1.84755,1.78985,1.82762,1.97431,1.96462,2.13244,2.3601,2.38776,2.76333,2.8801,2.95072,3.00121,3.07023,3.07824,2.76847,2.7794,2.60406,2.83884,2.98653,3.08293,3.08807,3.08065,3.0785,3.03484,3.26106,3.29293,2.86056,3.07536,3.71172,3.53128,3.5321,3.55861,3.67628,3.85692,3.80962,3.55578,3.67141,3.44608,3.46429
Nepal,NPL,558,Export Diversification Index,Index,Annual,4.88241,4.53549,3.52351,3.91898,3.45258,4.00579,3.23153,3.30173,3.22264,3.25399,3.41312,3.14497,3.48261,3.32384,3.41052,2.68501,2.92053,2.81354,2.84799,2.91755,3.25978,2.99471,2.9247,3.42595,3.1745,3.39838,3.75367,4.37081,4.07084,4.05349,4.01137,4.06445,4.02427,3.77908,3.41906,3.15918,3.17031,3.0721,3.07868,2.94496,2.67416,2.59713,2.54533,2.40283,2.35223,2.317,2.31468,2.38176,2.40112
New Zealand,NZL,196,Export Diversification Index,Index,Annual,4.18423,3.98788,3.91295,3.7921,3.76233,3.61641,3.48126,3.46394,3.31605,3.27842,3.26246,3.24683,3.03625,2.92917,2.83537,2.80823,2.80629,2.77645,2.70879,2.66756,2.64083,2.60154,2.43239,2.41232,2.38329,2.40105,2.38468,2.3443,2.29996,2.21847,2.20693,2.16816,2.09336,2.0985,2.12065,2.14518,2.14116,2.08686,2.07847,2.16386,2.14176,2.10305,2.0966,2.10482,2.11255,2.15205,2.24929,2.22364,2.27834
Oman,OMN,449,Export Diversification Index,Index,Annual,5.64508,5.75821,5.98832,5.75031,5.75671,5.78631,5.53028,5.99933,6.06692,6.23576,6.25468,6.14486,6.29186,6.12303,6.11806,6.18487,5.98541,5.93097,6.16215,6.24541,6.1604,5.99339,5.88768,5.90592,5.60345,5.61199,5.3815,5.85051,5.54049,5.76282,5.56609,5.40607,4.73276,4.80437,4.94022,4.92719,4.42339,5.36146,5.63754,5.39291,4.71616,5.11498,4.99825,5.334,4.99783,5.01372,4.89803,4.37765,4.59284
Pakistan,PAK,564,Export Diversification Index,Index,Annual,4.13959,3.95923,3.86705,3.87089,3.6991,3.74347,3.54102,3.44542,3.47959,3.39109,3.35719,3.24209,3.02323,3.14649,3.01757,2.82451,3.09723,3.0875,3.19984,3.15189,2.93222,2.8995,2.7724,3.01795,3.07379,3.13239,3.17846,3.24195,3.16138,3.30621,3.24711,3.23498,3.33644,3.29415,3.27477,3.29156,3.21265,3.22177,3.21401,3.14946,3.11928,3.13191,3.09953,3.06126,3.10782,3.09311,3.07547,3.02562,2.9896
Panama,PAN,283,Export Diversification Index,Index,Annual,3.50206,3.62207,3.39789,3.62731,3.51481,3.54432,3.40573,3.65558,3.49206,3.82313,3.38219,3.29206,3.19595,3.03126,3.25858,2.88339,2.84754,2.95553,2.68817,2.98602,2.93729,2.95549,3.16263,3.37194,3.11978,3.11899,3.35989,3.54274,3.41392,3.1256,2.94693,2.76449,3.22572,3.19202,3.41486,3.20763,2.64488,2.55725,2.52759,2.68067,2.81281,2.90844,2.76278,2.82869,2.8965,2.55366,2.8094,2.88348,2.67388
Peru,PER,293,Export Diversification Index,Index,Annual,3.7543,3.80761,3.63787,3.6997,3.80026,3.78561,3.76562,3.7667,3.76845,3.76841,3.68192,3.4271,3.40685,3.36916,3.30988,3.38406,3.15666,3.12403,3.33229,3.27699,3.16573,3.18308,3.12446,2.96915,3.01214,3.11259,3.18996,3.0789,3.07466,3.16361,3.18206,3.15842,3.11305,3.05243,3.01705,3.01581,2.74406,2.80912,2.93012,2.83193,2.86054,2.80495,2.88451,2.89823,3.09927,3.15952,2.97677,2.9379,3.03756
Philippines,PHL,566,Export Diversification Index,Index,Annual,3.98471,4.06964,3.85109,3.84081,3.87473,3.76943,3.71764,3.72756,3.68732,3.53261,3.45019,3.39103,3.42659,3.39129,2.99702,2.91007,2.75833,2.79736,2.72233,2.71825,2.69465,2.72733,2.82346,2.62199,2.62496,2.61254,2.59035,2.48309,2.50138,2.47204,2.50895,2.55517,2.63657,2.74529,2.96636,3.24754,3.40171,3.52087,3.70579,3.63071,3.70358,3.70144,3.69616,3.69569,3.64345,3.69328,3.44893,3.27331,3.42688
Papua New Guinea,PNG,853,Export Diversification Index,Index,Annual,4.99901,4.21812,4.32005,4.42752,3.86312,4.03837,4.07055,3.69177,3.93749,3.87757,3.23552,4.63756,4.29067,4.14246,4.0589,3.95754,3.94802,3.95027,4.05904,4.08935,3.96703,4.09499,3.69329,3.60428,3.85371,4.00112,4.25883,4.371,4.07634,3.95398,3.84951,4.27956,4.20849,4.01935,4.0922,4.01154,3.55064,3.86686,3.93621,3.73551,3.61619,3.62375,3.55525,3.81759,4.00548,3.91136,3.82012,3.74176,3.81121
Poland,POL,964,Export Diversification Index,Index,Annual,2.24921,2.25578,2.10642,1.99918,1.90508,1.92781,1.94725,2.00434,1.99384,2.10429,2.0715,2.04659,2.24146,2.46049,2.26764,2.17026,2.19231,2.14792,2.13142,1.94284,2.27922,2.22388,2.37065,2.1829,2.08435,1.96694,1.91695,1.78483,1.67589,1.74578,1.64428,1.76897,1.73879,1.68153,1.65179,1.59695,1.60673,1.62749,1.65784,1.68165,1.68052,1.68937,1.74005,1.64072,1.65344,1.69426,1.67314,1.719,1.66938
North Korea,PRK,954,Export Diversification Index,Index,Annual,3.70994,4.13944,4.10084,3.84353,3.5266,3.48873,3.41969,3.21174,3.19636,3.44789,3.28548,3.49363,3.17,3.34138,2.74774,2.48676,2.14767,2.05961,2.49542,1.92493,2.5985,2.56397,2.74009,2.20182,2.22843,2.33069,2.29474,2.23601,2.24699,2.16578,2.37591,2.27445,2.37123,2.29647,2.06403,2.0889,2.13539,2.05168,2.12375,2.12013,2.31646,2.45665,2.30866,1.90575,2.07986,2.1074,2.14603,2.19269,2.79168
Portugal,PRT,182,Export Diversification Index,Index,Annual,2.15772,2.14832,2.05541,2.0811,2.04612,1.99701,2.0153,1.9447,1.86092,1.85006,1.91897,1.92925,1.92648,1.90104,1.98648,2.01399,2.03703,1.97976,1.95151,1.93382,1.95759,1.96169,1.93484,2.02007,2.12942,2.22769,2.19746,2.17063,2.20507,2.22411,2.234,2.02389,2.146,2.08655,2.14969,2.12332,2.11802,2.10094,2.08826,2.06206,2.03724,2.01608,1.88305,1.81033,1.78411,1.65276,1.59839,1.62842,1.64592
Paraguay,PRY,288,Export Diversification Index,Index,Annual,3.60346,3.51713,3.40535,3.48056,3.50272,3.41144,3.3794,3.38176,3.18446,3.03306,3.17565,3.19999,2.85784,2.87754,3.19207,3.43362,3.58923,4.00514,3.60022,3.64605,3.74977,3.79602,3.74329,3.94835,3.73573,3.80577,4.03636,4.01065,3.89822,3.8529,3.5853,3.5198,3.25099,3.4188,3.47539,3.61893,3.61839,3.51564,3.48579,3.61292,3.59596,3.81665,3.65729,3.58631,3.28352,3.59424,3.70171,3.4391,3.86268
French Polynesia,PYF,887,Export Diversification Index,Index,Annual,5.99381,,5.01434,4.31065,3.3606,5.04061,4.58777,4.66746,5.22484,4.94917,5.11697,4.71074,4.60806,5.33724,4.73778,5.22497,5.11314,4.05278,4.85225,4.64303,4.66336,4.50737,4.94792,4.92216,4.62555,4.68565,4.50857,5.00557,4.77767,4.85783,5.12728,5.35146,5.71589,5.36947,5.51779,5.06437,5.28162,5.47072,5.5299,4.95725,5.02853,4.9331,5.07621,5.10378,5.13248,5.21799,5.00941,4.71285,4.97856
Qatar,QAT,453,Export Diversification Index,Index,Annual,6.31416,6.34609,6.31516,6.33624,6.33955,6.38569,6.37239,6.33306,6.38684,6.35899,6.36636,6.36865,6.09303,6.17738,6.13616,6.25419,6.27882,6.27975,6.24822,6.09504,6.04713,5.7712,5.81827,5.63456,5.40048,5.04959,5.12183,5.02693,4.95407,4.95656,4.94418,4.75601,4.77137,4.73673,4.8846,5.04283,4.70181,4.736,4.88406,4.72483,4.57008,4.57503,4.49351,4.78971,4.73916,4.77004,4.87414,4.6792,4.6671
Romania,ROU,968,Export Diversification Index,Index,Annual,3.12852,3.01329,2.95815,2.67543,2.37174,2.38909,2.23495,2.06506,1.92801,1.95855,1.9031,1.9523,2.13696,2.05872,2.07539,1.9518,2.02833,2.31325,2.40555,2.5014,2.28067,2.42666,2.6146,2.613,2.42922,2.40825,2.33003,2.08237,2.24431,2.13846,2.10342,2.1378,2.18172,2.18603,2.23078,2.20917,2.35632,2.39063,2.35467,2.41329,2.45972,2.39013,2.24661,2.16211,2.07481,2.01811,1.93155,2.03811,1.98666
Russian Federation,RUS,922,Export Diversification Index,Index,Annual,,,,,,,,,,,,,,,,,,,,,,,,,,,,,,,2.8034,2.64617,2.65033,2.48286,2.62161,2.65943,2.47969,2.68238,2.87879,2.82964,2.93699,2.96659,3.05032,3.28814,3.32707,3.26433,3.38159,3.40237,3.54276
Rwanda,RWA,714,Export Diversification Index,Index,Annual,,5.32159,4.83802,4.42988,4.3642,5.41993,5.15304,4.95476,5.00692,5.26893,5.274,5.07719,5.07208,5.08237,5.55381,5.19861,5.34171,5.25089,5.35209,5.2131,5.43964,5.56035,5.43268,5.36055,5.63143,5.5392,5.30223,5.27558,5.14124,5.27303,4.79743,4.92294,5.06164,5.03351,5.34802,4.5961,4.88042,4.82944,4.63095,4.75867,4.03809,4.8164,5.44212,4.31706,4.52558,4.18093,4.31246,4.07401,4.04213
Saudi Arabia,SAU,456,Export Diversification Index,Index,Annual,5.80965,5.96416,6.00843,6.10249,6.13627,6.06997,5.9875,6.00882,5.9637,6.05877,6.16502,6.15731,6.17446,6.22472,6.1087,6.14084,6.07154,6.08582,6.08876,6.11999,6.02561,5.91823,5.81831,5.43377,5.23736,4.9783,4.81622,5.02555,5.11172,5.45202,5.49733,5.30257,5.02043,4.91879,4.9227,5.02293,4.50422,4.82988,5.21594,5.15999,5.24776,5.16138,5.32569,5.34688,5.38833,5.27782,5.45753,5.47919,5.4098
Sudan,SDN,732,Export Diversification Index,Index,Annual,4.99771,4.67738,4.56109,4.37426,4.41677,4.60029,4.46846,4.50895,4.79361,4.84547,4.66615,4.54184,4.1105,4.47665,4.48317,4.24036,4.09618,4.25044,3.82409,3.61946,3.56544,3.71331,3.81161,3.88824,3.94884,4.18533,3.97827,4.15361,4.11043,4.15829,3.52561,3.61918,3.87349,3.62702,3.57634,3.48549,3.42677,3.26712,5.02933,5.22353,5.12968,5.27859,5.47725,5.76513,5.82857,5.9913,6.06394,6.04579,5.9794
Senegal,SEN,722,Export Diversification Index,Index,Annual,4.01979,3.73087,3.96184,3.95208,4.08009,3.94174,3.68053,3.27888,3.58569,3.4527,3.78987,3.35204,3.76814,3.76112,4.10784,3.77943,3.32931,3.68272,3.35135,3.18882,3.64389,3.90004,4.04028,3.62808,3.2545,3.19325,3.81818,3.23674,3.30066,3.40096,3.17023,3.05132,3.13542,3.57605,3.32215,3.24233,3.31736,3.275,3.21555,3.28145,3.18835,3.02846,3.00632,3.17119,2.75077,2.63782,2.89749,2.95999,2.97427
Singapore,SGP,576,Export Diversification Index,Index,Annual,2.77595,2.75001,2.78322,2.85817,3.02785,2.90163,2.78674,2.95327,2.59701,2.45155,2.36399,2.37797,2.56873,2.35241,2.46923,2.43546,2.39378,2.48415,2.53599,2.64054,2.69251,2.63166,2.46871,2.42566,2.32391,2.34269,2.3184,2.36202,2.42955,2.49982,2.50842,2.57655,2.67675,2.75533,2.87029,2.91766,2.92996,2.94756,3.03119,2.88445,2.89079,2.94858,2.95685,2.89603,2.88148,2.79415,2.61918,2.69866,2.71363
Solomon Islands,SLB,813,Export Diversification Index,Index,Annual,,,,,,,,,4.94246,4.18645,4.85046,4.66474,4.61433,4.1736,4.21582,4.24845,4.03168,4.21329,4.25663,4.41384,4.22537,4.19587,4.24053,3.88411,3.91816,3.81628,4.02651,4.17121,4.01084,4.02967,4.18007,4.59104,4.75985,4.61616,4.62785,4.52107,4.19974,4.43534,4.43585,4.31178,4.72039,4.68372,4.71471,4.90765,5.08529,4.92273,4.71952,4.87813,5.00173
Sierra Leone,SLE,724,Export Diversification Index,Index,Annual,4.70565,4.64644,4.3701,5.01586,4.91906,4.95,4.92323,5.03868,4.19781,4.19634,4.30317,4.50154,4.23981,3.8757,4.56448,4.52492,4.45673,4.32061,4.15466,3.90583,3.84207,3.7988,3.93372,3.97129,4.19013,4.29336,4.30425,4.2275,4.36437,4.51183,4.493,4.16775,4.02683,4.27797,4.06698,4.42546,4.18759,3.47412,3.53883,2.89499,2.90054,3.31948,3.60255,3.87052,3.36843,3.24541,3.09193,2.69516,3.31199
El Salvador,SLV,253,Export Diversification Index,Index,Annual,5.39467,4.39729,4.31878,4.27584,3.79384,3.65098,3.55923,3.74772,3.95977,3.72342,3.52972,3.70373,3.42721,3.46805,4.00584,4.48555,3.56354,3.92097,4.06456,3.95841,3.67071,3.85727,3.79613,4.14567,4.47935,3.8627,3.93611,3.43928,3.21289,3.04464,2.77964,2.91715,3.17955,3.31594,3.29466,3.43036,3.27296,3.45846,3.51638,3.58519,3.58915,3.59513,3.51277,3.46574,3.29452,3.06932,2.99291,3.05344,3.09051
Somalia,SOM,726,Export Diversification Index,Index,Annual,4.63598,5.24242,5.18468,5.31194,4.46846,4.97635,4.58995,4.48957,4.22967,4.05122,4.15478,4.02869,3.97977,4.1833,3.87193,3.93814,4.41733,4.32894,4.27332,4.72456,4.58627,4.74014,4.66167,4.70319,4.61156,4.33775,4.09057,4.41449,4.22238,4.5427,4.73063,5.03656,4.0925,4.67535,4.29441,3.93927,4.13024,4.45025,4.35014,3.3555,2.90193,3.07508,3.81007,4.05338,3.80048,3.12248,3.61915,4.55569,4.79626
Serbia,SRB,942,Export Diversification Index,Index,Annual,,,,,,,,,,,,,,,,,,,,,,,,,,,,,,,1.7031,2.08375,2.05004,1.95755,1.98973,1.90043,2.11158,1.68126,1.78253,1.74836,1.74952,1.89322,1.74685,1.83662,1.81903,1.71048,1.65738,1.6865,1.69748
Sao Tome and Principe,STP,716,Export Diversification Index,Index,Annual,4.35479,,,,,,,2.83293,4.56146,4.72928,5.19916,5.3179,4.92744,5.29329,5.29034,5.67183,5.60178,5.44451,5.70522,5.47462,5.13392,4.91452,5.09358,5.22709,5.31503,5.29536,4.72444,5.00069,5.27705,5.12184,4.3437,4.41523,4.14468,3.89913,4.29362,3.86746,3.88638,3.5466,3.83798,3.51309,3.4676,3.92846,3.20504,3.6224,3.8631,3.4223,4.11448,3.91703,3.54336
Suriname,SUR,366,Export Diversification Index,Index,Annual,5.14937,4.98966,5.27617,4.79166,4.12581,4.34461,4.25389,4.32511,4.42148,4.44753,4.40321,4.344,4.172,4.28945,4.24971,4.26159,4.30363,4.19386,4.34942,4.28532,4.28885,4.24248,4.35229,4.28845,4.00223,4.30083,4.93167,5.05585,5.2138,5.05955,4.81189,4.61824,4.42623,4.56896,4.33203,4.36095,4.54826,4.42905,4.62228,4.89326,4.76946,4.80392,5.03998,5.122,4.99442,5.00193,5.00716,4.34531,4.31138
Slovak Republic,SVK,936,Export Diversification Index,Index,Annual,,,,,,,,,,,,,,,,,,,,,,,,,,,,,,,,1.39552,1.44589,1.51123,1.56455,1.61527,1.88603,1.94999,1.95129,1.91891,2.00023,2.32079,2.2495,2.03239,2.07809,2.25874,2.21243,2.26371,2.33081
Slovenia,SVN,961,Export Diversification Index,Index,Annual,,,,,,,,,,,,,,,,,,,,,,,,,,,,,,,1.65548,1.69323,1.7527,1.72956,1.76902,1.79769,1.83151,1.858,1.82775,1.79247,1.83872,1.83159,1.88106,1.83944,1.83847,1.96633,1.8956,1.95159,1.93701
Sweden,SWE,144,Export Diversification Index,Index,Annual,1.86483,1.90417,1.85106,1.83272,1.7403,1.71692,1.69473,1.69411,1.66848,1.65934,1.6455,1.65241,1.66349,1.60691,1.63258,1.59591,1.59055,1.59547,1.56733,1.59494,1.60997,1.6239,1.65083,1.65244,1.65682,1.694,1.68409,1.68734,1.70086,1.73205,1.74249,1.75669,1.79715,1.82372,1.83781,1.86639,1.94011,2.02994,2.07874,1.8847,1.83923,1.87442,1.88651,1.87271,1.86461,1.78018,1.72278,1.6765,1.68204
Seychelles,SYC,718,Export Diversification Index,Index,Annual,,,,,,6.2186,,6.2186,5.16503,5.20325,5.03505,4.62538,5.21879,5.06185,3.93599,3.81825,3.79687,3.71129,3.8101,4.03906,3.59093,4.66075,4.66711,4.13344,4.4336,4.66171,5.45823,5.28814,4.9574,4.97728,5.12658,4.21551,4.99873,4.27571,4.35545,4.50599,4.7502,4.9669,5.0471,4.87838,4.9226,4.92302,4.52637,4.42733,4.65024,4.59261,4.57213,4.77759,4.5365
Syrian Arab Republic,SYR,463,Export Diversification Index,Index,Annual,4.76156,4.67327,4.6499,4.5636,4.46699,3.70628,3.5881,3.56216,4.12821,4.591,3.92306,4.07114,4.45985,4.51499,3.57995,3.57253,4.37804,4.50957,4.62569,4.5315,4.44196,4.35466,4.44524,4.59954,3.70387,4.02883,4.01353,3.53908,3.82693,4.79488,4.35746,4.95081,4.7156,4.05969,4.63709,4.39828,4.02008,4.27616,4.72738,4.76567,4.60293,4.39834,3.83661,3.9205,3.70141,3.63018,3.47785,3.7854,3.96308
Chad,TCD,628,Export Diversification Index,Index,Annual,5.35521,5.4486,5.42579,5.61684,5.57013,5.46818,5.46419,5.13015,5.22075,5.04652,4.73796,4.51703,4.92849,4.88689,5.45445,5.40544,5.01406,5.25219,5.49826,5.79821,5.48358,5.00839,5.92713,5.64067,5.54602,5.08492,5.44602,5.3951,5.37416,5.67797,5.58883,5.21318,5.11852,5.24827,5.24701,5.33203,5.30525,5.25886,5.08227,5.09921,4.98207,4.83434,5.65782,5.71947,5.84966,5.91909,5.9848,5.87636,5.55538
Togo,TGO,742,Export Diversification Index,Index,Annual,3.82183,4.14001,4.55292,4.6242,4.77197,4.65082,4.57731,4.59359,4.65736,4.55119,4.76032,4.69557,5.2455,5.04883,4.81983,4.77492,4.34709,4.73591,4.32028,4.46334,4.58154,4.40799,4.78673,4.63665,4.33329,4.13268,4.22217,4.24528,4.20442,4.18126,4.35958,4.36637,4.08641,3.78706,4.10877,3.93898,4.01148,3.66413,3.47891,2.95368,2.79662,3.02122,2.91485,2.73946,2.95055,3.2368,3.85663,3.65408,3.48854
Thailand,THA,578,Export Diversification Index,Index,Annual,3.88474,3.86444,3.8316,3.55584,3.5444,3.57321,3.5579,3.36502,3.24763,3.19921,3.00385,2.78893,3.04711,3.00379,2.96867,2.95388,2.81692,2.76977,2.73614,2.78128,2.73669,2.61236,2.5689,2.43964,2.38786,2.35507,2.27838,2.19203,2.08795,2.06533,2.04881,2.01403,2.05677,2.07937,2.07737,2.0677,2.06886,2.04112,2.05977,2.0041,1.98544,1.99386,2.02111,2.05536,2.05423,1.99088,1.99978,2.01195,2.02619
Tajikistan,TJK,923,Export Diversification Index,Index,Annual,,,,,,,,,,,,,,,,,,,,,,,,,,,,,,,5.07436,4.61818,4.9323,4.3891,3.85746,3.62739,3.61691,3.82691,3.96924,4.07444,4.19652,4.41614,4.2683,4.5122,4.68609,4.70567,4.158,4.20726,4.21303
Turkmenistan,TKM,925,Export Diversification Index,Index,Annual,,,,,,,,,,,,,,,,,,,,,,,,,,,,,,,4.87925,5.38216,5.51019,4.69684,5.39174,5.0916,3.28779,4.18768,4.78901,5.38179,5.30321,5.3717,5.29467,5.3258,5.29588,5.48426,5.25985,4.21193,4.18874
Tonga,TON,866,Export Diversification Index,Index,Annual,,,,,,,,,4.65703,3.6252,4.24037,4.45111,4.80105,4.39962,4.34533,4.37389,4.05054,3.16311,3.7563,3.53513,3.09664,3.39903,3.86432,3.54575,3.4365,3.48352,2.98394,3.04716,3.44523,4.21827,3.82072,4.21749,3.97394,3.90213,4.11045,4.16732,3.6881,3.93968,3.81548,4.12255,3.81222,3.55343,3.68275,3.62777,3.54519,3.52182,3.14784,3.16689,3.14841
Trinidad and Tobago,TTO,369,Export Diversification Index,Index,Annual,4.4471,4.22054,4.22992,4.21289,4.17232,4.06632,4.00009,3.94691,3.85785,3.76129,3.84188,4.03384,4.43063,4.37365,4.50045,4.52914,4.50592,4.48857,4.58429,4.60089,4.53009,4.51561,4.51862,4.4761,4.09971,3.94628,3.58413,3.52917,3.65478,3.51594,3.48774,3.21972,3.25068,3.11482,3.03564,3.04272,2.95856,3.16329,3.31144,3.26217,3.33971,3.80584,4.10915,4.23499,4.26866,4.27416,4.35753,4.43363,4.26659
Tunisia,TUN,744,Export Diversification Index,Index,Annual,3.79986,3.71631,3.55571,3.57672,3.2614,3.42906,3.39802,3.08989,3.15746,3.5375,3.64522,3.16902,3.96631,3.83216,3.76017,3.6486,3.60553,3.77784,3.95063,3.70292,3.54129,3.51882,3.48408,3.43521,3.30918,3.21829,3.01556,3.08455,3.09486,3.24069,3.2106,3.21393,3.23866,3.25768,3.21772,3.32727,3.35407,3.28969,3.23546,3.16965,3.12646,3.1548,3.0421,2.84078,2.74501,2.76346,2.72476,2.62212,2.62968
Turkey,TUR,186,Export Diversification Index,Index,Annual,3.56727,3.55276,3.50044,3.51988,3.71837,3.77029,3.76273,3.47462,3.41036,3.31746,3.17494,3.01226,2.86472,2.96187,3.1622,2.90974,3.09732,2.94275,2.80279,2.43894,2.04571,1.99817,1.96482,1.9404,2.07026,2.07259,1.94807,1.97969,2.11573,2.09393,2.16791,2.15891,2.07178,2.06004,2.0216,2.00005,2.05139,2.03711,2.07473,2.0305,2.085,2.06904,2.03819,1.98752,1.94948,1.8996,1.86029,1.76879,1.75734
Tanzania,TZA,738,Export Diversification Index,Index,Annual,,,,3.78312,3.76757,3.45694,3.60031,3.54139,3.58238,3.50816,3.77382,3.65914,3.54448,3.58554,3.59403,3.89541,3.8174,3.52829,3.4067,3.77795,3.8955,3.86993,3.95349,3.80018,4.10573,3.76101,3.46584,3.47575,3.22315,3.01259,3.3482,3.17819,3.16157,3.30661,3.28061,3.23485,3.14307,3.08732,3.13194,3.08404,2.98026,2.7482,2.63854,2.66479,2.60292,2.53849,2.33512,2.54402,2.55816
Uganda,UGA,746,Export Diversification Index,Index,Annual,4.90353,4.76742,5.11086,5.1178,5.08496,5.1213,5.20992,5.02599,5.124,5.17112,5.19168,5.14355,5.36186,5.31881,5.50445,5.88819,5.481,6.08347,6.11174,5.93983,6.08454,6.05091,5.78647,5.64378,6.04851,6.02254,5.9051,5.70576,5.21942,5.26515,4.7903,4.39358,5.23629,5.09215,4.81163,4.82771,4.65546,4.73057,3.93903,3.51645,3.43706,3.16099,3.05414,3.09786,3.00348,2.51362,2.73231,2.63863,2.34408
Ukraine,UKR,926,Export Diversification Index,Index,Annual,,,,,,,,,,,,,,,,,,,,,,,,,,,,,,,2.53479,2.51428,2.40484,2.29929,1.59812,1.70345,1.75404,1.82036,1.86692,1.79791,1.86084,1.7966,1.91783,1.89247,1.91313,1.84731,2.00867,1.88177,1.90371
Uruguay,URY,298,Export Diversification Index,Index,Annual,3.76509,3.87197,3.80359,3.86558,3.55157,3.72791,3.75806,3.53804,3.30636,3.34792,3.84404,3.64183,3.16474,2.90754,2.64426,2.54651,2.5499,2.38224,2.45115,2.6639,2.76682,2.6553,2.59126,2.54975,2.51691,2.50433,2.50462,2.36575,2.44211,2.35535,2.17473,2.20642,2.25992,2.0588,2.18058,2.20585,2.14297,2.17092,2.30194,2.23832,2.36155,2.41604,2.37722,2.23174,2.43539,2.25364,2.41232,2.47874,2.49562
United States,USA,111,Export Diversification Index,Index,Annual,1.38257,1.30279,1.26128,1.25224,1.29602,1.3114,1.36164,1.33672,1.3269,1.36288,1.35682,1.4192,1.38197,1.44392,1.40484,1.36894,1.36548,1.34439,1.31169,1.33217,1.35601,1.39295,1.44398,1.45975,1.46488,1.44295,1.43024,1.41439,1.43155,1.44406,1.42785,1.44047,1.47741,1.47411,1.49876,1.51676,1.53635,1.59419,1.64427,1.60359,1.61112,1.57441,1.56956,1.54216,1.55146,1.50682,1.49503,1.52572,1.48419
Uzbekistan,UZB,927,Export Diversification Index,Index,Annual,,,,,,,,,,,,,,,,,,,,,,,,,,,,,,,5.47805,5.45855,5.52811,4.8626,4.08433,4.02808,3.8947,3.99216,3.51366,3.60271,3.46252,3.50226,3.42897,3.44177,3.49554,3.37236,3.56813,3.57719,3.20069
St. Vincent and the Grenadines,VCT,364,Export Diversification Index,Index,Annual,,,,,,,,,4.87786,4.35309,4.47745,4.21765,4.27209,4.01077,3.41685,3.53356,3.71768,3.96966,4.24292,4.19886,4.12168,4.08896,4.49206,4.64383,4.47697,4.33217,4.07251,4.09602,4.30246,4.2274,4.25826,3.87165,3.82083,3.76462,3.576,3.4786,3.27177,3.92708,3.25992,4.17219,4.09688,4.12547,5.14822,4.75764,4.92304,4.78997,5.10529,4.1332,4.2675
Venezuela,VEN,299,Export Diversification Index,Index,Annual,4.87927,5.12337,5.16825,5.11299,5.12788,5.11046,5.13555,5.12013,5.01772,5.06987,4.98061,5.0142,5.20688,5.1678,5.1128,5.14927,5.07743,5.02331,5.05225,5.2287,5.062,4.89201,4.79369,4.49228,4.20536,4.44453,4.12108,4.12428,4.20698,4.2289,4.27159,3.93049,3.73211,3.89808,4.05605,3.99546,3.75006,4.03141,4.74924,4.56655,4.59746,4.62565,4.74811,4.93154,5.11847,5.16889,5.45964,5.59074,5.67904
Brit. Virgin Is.,VGB,371,Export Diversification Index,Index,Annual,,,4.90367,,,,,6.25958,3.53514,5.40376,6.23387,4.51993,3.98868,2.68286,1.862,4.59076,5.33694,4.66839,4.56985,4.43438,3.43395,5.70037,5.23477,4.90917,3.98238,3.6609,4.20638,3.93109,3.24471,4.71914,2.89141,3.29565,3.5715,3.43362,3.65819,3.46991,3.50818,3.79742,3.40905,3.18448,3.1271,3.73654,3.77182,3.62713,3.20758,3.1541,3.38201,3.34187,3.61634
Vietnam,VNM,582,Export Diversification Index,Index,Annual,,,,,,,,,,,,,,3.35379,3.70953,3.85917,3.66547,3.67703,3.71533,3.54286,3.4912,3.50001,3.50438,3.43662,3.80225,3.56102,3.74257,3.49284,3.51226,3.31452,3.34105,3.26005,3.17583,3.13816,3.05346,3.03443,3.01899,3.05993,3.13085,3.04645,2.97332,2.99782,2.95312,2.96032,2.82375,2.70306,2.65481,2.54368,2.41851
Samoa,WSM,862,Export Diversification Index,Index,Annual,5.39601,5.09428,5.02802,4.87338,4.31714,4.12101,4.46642,3.98038,4.34767,3.75121,3.63305,3.86279,4.5447,4.02238,3.70854,4.33483,3.77283,4.08369,3.82759,3.25625,2.80414,3.40731,3.88461,3.84462,3.39868,3.94541,3.38918,3.21302,3.23428,3.48359,4.91867,5.22332,5.48359,5.2139,4.5371,4.4574,4.45489,4.63328,4.71537,4.82186,4.17091,3.28802,2.94916,3.45109,4.35658,4.66708,4.28446,3.18407,3.42981
Yemen,YEM,474,Export Diversification Index,Index,Annual,4.75996,4.87056,4.94974,4.97322,4.32281,4.7936,4.40927,4.04721,3.18001,3.38552,3.31425,2.926,3.00792,3.48705,3.26188,3.0055,3.50543,3.09249,2.68243,3.96804,3.73864,2.50533,3.86953,3.60315,2.79597,2.62978,5.52636,5.70164,5.59166,5.42444,5.11254,4.71862,5.64329,5.51121,5.50686,5.63969,5.32936,5.69591,5.82087,5.63508,5.67817,5.61988,5.73263,5.79552,5.84778,5.80462,5.89083,5.52753,5.49337
South Africa,ZAF,199,Export Diversification Index,Index,Annual,2.74139,2.55388,2.51599,2.59135,2.4933,2.50897,2.73109,2.64351,2.20536,2.20992,2.27449,2.19363,2.23572,2.35574,2.35207,2.40221,2.30171,2.24677,2.38806,2.38813,2.34223,2.31605,2.31218,2.23597,2.17924,2.28023,2.34445,2.40553,2.30674,2.22098,2.01121,1.90268,1.8303,1.82262,1.78428,1.81111,1.79848,1.79727,1.87781,1.9386,1.81073,1.83433,1.90292,1.99375,2.08345,2.1513,2.26706,2.12762,2.23066
Zambia,ZMB,754,Export Diversification Index,Index,Annual,,,,5.44412,5.40689,5.41847,5.91628,5.8084,5.6347,5.46104,5.42876,5.37994,5.65363,5.44083,5.52999,5.34398,5.14283,5.34821,5.55991,5.46215,5.68984,5.47859,5.34191,5.28846,5.27994,5.46228,5.50672,5.68581,5.58702,5.47543,5.30185,5.15479,5.01164,5.04833,4.69451,4.43909,3.75336,3.77381,3.76747,3.9747,3.84678,3.78836,4.02509,4.23705,4.64128,4.46857,4.44514,4.44837,4.64436
Zimbabwe,ZWE,698,Export Diversification Index,Index,Annual,,,,4.2808,2.72075,2.69597,2.4453,2.3233,3.04702,3.34405,2.4637,3.01949,2.82069,3.44837,3.80069,4.01879,4.02629,4.14278,3.92381,3.9384,3.84202,3.66666,3.40144,3.23012,2.96593,3.51807,3.40991,3.52703,2.88558,3.04518,2.94531,2.6948,2.78642,2.73534,2.89328,3.13757,3.07975,3.10344,2.98887,3.10216,3.05306,2.95562,2.96354,2.87768,3.18798,3.25696,3.26918,3.05016,3.15438
